,zone_name,zone_lat,zone_lng,zone_address,max_car,limit_car
0,SK주차장,37.573011,126.804605,서울 강서구 방화동 500-8,5,20
1,스타주차장,37.268503,127.002136,경기 수원시 팔달구 매산로1가 19-1,10,18
2,월드애비뉴,37.645571,126.627879,경기 김포시 구래동 6880-7,5,27
3,제뉴빌딩주차장,37.654861,127.244576,경기 남양주시 호평동 642-2,9,24
4,용정주차장,37.565186,126.816185,서울 강서구 방화동 608-9,7,22
5,제일주차장,37.507687,127.066147,서울 강남구 대치동 1000-6,6,20
6,웨스트엔드 3차,37.553017,126.826775,서울 강서구 내발산동 750-10,7,29
7,위례푸른초등학교 앞,37.469258,127.151721,경기 성남시 수정구 창곡동 521,8,28
8,광명역D환승주차장(지하주차장),37.413876,126.883526,경기 광명시 일직동 380-10,6,26
9,국제주차빌딩,37.53997,127.215714,경기 하남시 신장동 525,5,17
10,광교엘포트아이파크 b동,37.287037,127.057896,경기 수원시 영통구 이의동 1336-1,7,28
11,베스토아주차타워,37.249641,127.035355,경기 수원시 권선구 권선동 1296-7,7,26
12,GS수퍼마켓 안양덕천점,37.395375,126.930419,경기 안양시 만안구 안양동 1391,6,23
13,인계예술공원(현충탑) 주차장,37.258294,127.034731,경기 수원시 팔달구 인계동 1128,8,19
14,도곡로21길7 공영주차장,37.49255,127.038857,서울 강남구 역삼동 795-25,8,15
15,덕소유료주차장,37.58606,127.21196,경기 남양주시 와부읍 덕소리 473-4,9,16
16,강동주차장,35.178774,128.952002,부산 강서구 대저2동 2077,4,20
17,직원전용주차장,35.171036,128.951645,부산 강서구 대저2동 2764-2,8,17
18,대청역 1번출구(대청타워),37.494476,127.079674,서울 강남구 개포동 13-3,7,17
19,송산주차장,37.275311,127.015862,경기 수원시 팔달구 팔달로3가 79,7,30
20,호텔데님,37.476199,127.04681,서울 강남구 개포동 1229-19,5,22
21,관문주차장,37.563545,126.809723,서울 강서구 방화2동 612-18,7,16
22,거주자우선주차구역,37.588118,126.936539,서울 서대문구 홍제동 334-85,9,15
23,서울의료원,37.514202,127.066124,서울 강남구 삼성동 171,9,15
24,신라스테이 역삼점,37.504696,127.041237,서울 강남구 역삼동 675-3,9,21
25,88주차장,37.568459,127.051956,서울 동대문구 답십리동 530-8,4,23
26,AJ파크 광교더로프트점,37.29052,127.046971,경기 수원시 영통구 이의동 1349,10,24
27,태안프라자,37.214298,127.043884,경기 화성시 병점동 846,9,24
28,신설동역대우아이빌 102동,37.576986,127.028924,서울 동대문구 용두동 236-1,6,24
29,한국빌딩 주차장,37.474052,126.868912,경기 광명시 철산동 424,7,17
30,NC백화점 강서점 주차장,37.560196,126.841286,서울 강서구 등촌동 689,7,25
31,미주상가A동주차장,37.582483,127.047236,서울 동대문구 청량리동 235-4,9,22
32,장안주차장,37.569481,127.066994,서울 동대문구 장안동 392-3,9,20
33,군인공제회관,37.488924,127.05272,서울 강남구 도곡동 467-13,8,15
34,장암동아아파트 116동 앞 동아스포츠센터,37.724424,127.054605,경기 의정부시 장암동 20,8,24
35,한국과학기술회관,37.500458,127.03054,서울 강남구 역삼동 635-2,7,27
36,김포중삼거리,37.622253,126.711343,경기 김포시 사우동 1140-3,8,27
37,EAN빌딩,37.506688,127.053105,서울 강남구 삼성동 143-20,6,23
38,삼우주차장,37.58036,127.044373,서울 동대문구 청량리동 746,8,19
39,세종주차장,37.477837,126.859077,경기 광명시 광명동 158-303,6,29
40,연가교교차로 옆,37.571198,126.923088,서울 서대문구 연희동 522-2,6,26
41,행신역 B주차장,37.612446,126.835502,경기 고양시 덕양구 행신동 811,4,30
42,플러스타운,37.251579,127.076022,경기 수원시 영통구 영통동 1009-2,10,29
43,광교1동주민센터 옆,37.289747,127.047173,경기 수원시 영통구 이의동 1348-3,6,23
44,홍제주차장,37.58844,126.944099,서울 서대문구 홍제동 306-1,8,17
45,웨딩플로체 유료주차장,37.734642,127.048927,경기 의정부시 의정부동 127-4,4,22
46,오성트래빌,37.549908,126.860518,서울 강서구 등촌동 530-19,4,18
47,외대앞역 공영주차빌딩 옥외주차장,37.595203,127.062729,서울 동대문구 이문동 304-44,8,28
48,삼선교주차장,37.588623,127.010368,서울 성북구 삼선동4가 18-6,7,18
49,의정부유료주차장,37.737343,127.043846,경기 의정부시 의정부동 496-8,10,27
50,수원종합운동장주차장(북문),37.298846,127.008087,경기 수원시 장안구 조원동 825,5,28
51,정릉동주차장,37.607132,127.010278,서울 성북구 정릉동 408-13,4,30
52,중앙프라자,37.259211,127.04506,경기 수원시 영통구 매탄동 1267-7,4,30
53,태극주차장,37.59359,127.018692,서울 성북구 동선동1가 119-10,4,24
54,우인아크리움빌2,37.663559,126.764687,경기 고양시 일산동구 장항동 746,6,21
55,리슈빌오피스텔,37.267162,127.08146,경기 수원시 영통구 영통동 945-2,6,19
56,수원역 롯데몰 옥외주차장,37.262804,126.996356,경기 수원시 권선구 서둔동 389,6,19
57,천사의도시2 오피스텔,37.350383,127.107754,경기 성남시 분당구 금곡동 165 천사의도시2 오피스텔,10,28
58,회기역(삼육서울병원),37.589523,127.063044,서울 동대문구 휘경동 283-5,7,15
59,수진역환승주차장,37.437378,127.142014,경기 성남시 중원구 성남동 2126,9,21
60,명신주차장,37.531246,126.851555,서울 강서구 화곡동 872-36,5,16
61,가좌삼거리,37.570632,126.913325,서울 서대문구 남가좌동 269-9,6,25
62,AK와이즈플레이스오피스텔,37.368015,127.105003,경기 성남시 분당구 정자동 16-1,4,15
63,송산역 2번출구,37.737648,127.089508,경기 의정부시 민락동 746-4,10,15
64,우리빌딩,37.530123,126.842748,서울 강서구 화곡동 920-1,9,29
65,대우시티프라자,37.670776,126.758914,경기 고양시 일산서구 주엽동 115,9,19
66,테마폴리스,37.413174,127.127403,경기 성남시 분당구 야탑동 341,10,19
67,푸르지오시티,37.396912,127.112076,경기 성남시 분당구 삼평동 653,8,24
68,발곡초등학교 옆,37.727162,127.062417,경기 의정부시 신곡동 727-1,8,26
69,신이문역 3번출구,37.6012,127.069995,서울 동대문구 이문동 54,5,28
70,SK주유소 수내동점 주차장,37.367893,127.128464,경기 성남시 분당구 수내동 86,5,26
71,천일초등학교 뒤(삼호진덕아파트),37.302312,126.97772,경기 수원시 장안구 천천동 565,7,22
72,까치주차장,37.533512,126.842262,서울 강서구 화곡동 353-8,7,18
73,풍림2차아파트 103동 앞,37.593556,126.944063,서울 서대문구 홍은동 453-2,6,26
74,양평시장 공영주차장,37.491584,127.491487,경기 양평군 양평읍 양근리 380,6,22
75,보륜부페 주차장,37.601387,127.139113,경기 구리시 인창동 294-1,4,22
76,동덕여자대학교 옆,37.605172,127.039872,서울 성북구 하월곡동 222,5,30
77,한화 유로메트로 1단지 114동 지하 주차장,37.602238,126.725739,경기 김포시 풍무동 770,4,26
78,화곡6-1 공영주차장,37.553089,126.848747,서울 강서구 화곡동 1103-6,8,16
79,비전월드,37.387211,127.122589,경기 성남시 분당구 서현동 256,5,24
80,대성주차장(돌곶이역),37.610625,127.057954,서울 성북구 석관동 245-4,6,21
81,일산위브더제니스스퀘어,37.69379,126.763824,경기 고양시 일산서구 탄현동 1640,10,26
82,경진빌딩 야외 주차장,37.659216,127.177852,경기 남양주시 진건읍 용정리 768-1,6,24
83,가양역 6번출구,37.560555,126.855553,서울 강서구 등촌동 628,8,24
84,고양터미널 주차장,37.643157,126.790661,경기 고양시 일산동구 백석동 1242,6,20
85,AJ파크 장안점(덕원주차장),37.562229,127.068687,서울 동대문구 장안동 458-8,4,17
86,트리플렉스,37.252731,127.070892,경기 수원시 영통구 영통동 961-6,8,18
87,한솔센트럴파크오피스텔,37.390671,126.955566,경기 안양시 동안구 호계동 1048-3,5,21
88,9주차장(경기도여권민원실뒤),37.289281,127.033956,경기 수원시 팔달구 우만동 358-1,9,27
89,르메르디앙서울호텔,37.504848,127.027267,서울 강남구 역삼동 602,9,23
90,성남 센트럴 푸르지오 시티,37.435194,127.13811,경기 성남시 중원구 성남동 1404,8,30
91,마곡엠밸리 1단지,37.56884,126.818306,서울 강서구 마곡동 734,9,27
92,메가박스 세종점 주차장,36.602791,127.298012,세종특별자치시 조치원읍 교리 24-2,4,20
93,명지전문대,37.584216,126.924891,서울 서대문구 홍은동 356-1,6,17
94,풍년3단지대림아파트 302동 3~4라인 앞 지상주차장,37.622571,126.716201,경기 김포시 북변동 808,9,25
95,토평음식주차빌딩,37.590534,127.146797,경기 구리시 토평동 971,8,22
96,웨스턴853오피스텔,37.655284,126.773825,경기 고양시 일산동구 장항동 853-1,8,16
97,안양3동(안양월드),37.40163,126.9132,경기 안양시 만안구 안양동 900-10,10,26
98,현대백화점 무역센터점 별관주차장,37.512142,127.056526,서울 강남구 삼성1동 148-7,10,23
99,거주자우선주차구역,37.573283,126.929201,서울 서대문구 연희동 195-17,4,17
100,중원구청사거리,37.429199,127.136726,경기 성남시 중원구 하대원동 110-1,6,30
101,스피드메이트 송죽점 주차장,37.305601,127.003885,경기 수원시 장안구 송죽동 200-10 오터스카센타,4,17
102,안양역 1번출구,37.398911,126.924065,경기 안양시 만안구 안양1동 674-162,5,29
103,길원초등학교 옆,37.609125,127.013937,서울 성북구 정릉동 192-228,4,26
104,청담주차장,37.523766,127.04863,서울 강남구 청담동 49-3,10,19
105,봇들마을7단지아파트 704동,37.396863,127.11438,경기 성남시 분당구 삼평동 738,10,21
106,현대카센터주차장,37.591583,127.132835,경기 구리시 교문동 797-4,5,16
107,서봉마을2단지아파트 201동 앞,37.119516,126.916402,경기 화성시 향남읍 하길리 1447,8,30
108,장기음식주차타운,37.645042,126.670784,경기 김포시 장기동 1399,4,25
109,SK허브오피스텔 5core 1,37.391178,127.109199,경기 성남시 분당구 백현동 529,6,17
110,분당M타워,37.337651,127.11012,경기 성남시 분당구 구미동 188,4,29
111,화곡7-1 공영주차장,37.536068,126.839073,서울 강서구 화곡동 370-63,10,28
112,동화아파트,37.510719,127.023392,서울 강남구 논현동 122-8,5,24
113,천천푸르지오 119동,37.290631,126.979266,경기 수원시 장안구 천천동 333,8,18
114,일산메가시티,37.685334,126.77503,경기 고양시 일산서구 일산동 576-20,10,17
115,성원프라자,37.674661,126.786583,경기 고양시 일산동구 중산동 1812,7,28
116,한신한진아파트 211동 앞,37.595413,127.013252,서울 성북구 돈암동 609-1,6,22
117,우림로데오스위트,37.660248,126.770798,경기 고양시 일산동구 장항동 771-1,10,17
118,정릉스카이쌍용아파트 103동,37.600305,127.015865,서울 성북구 정릉동 1014,8,23
119,북수원교회 아래,37.309579,126.996875,경기 수원시 장안구 파장동 472-5,9,26
120,용성빌딩(부자됩니다) 기계식주차장,37.557047,126.937818,서울 서대문구 창천동 29-30,7,21
121,힐스테이트에코마곡나루역 오피스텔,37.567879,126.826692,서울 강서구 마곡동 760-1,10,19
122,컴피월드,37.645412,126.680634,경기 김포시 운양동 1428-2,5,24
123,랜드타워,37.712597,127.187683,경기 남양주시 진접읍 금곡리 1082,4,25
124,압구정 로데오거리,37.526905,127.038834,서울 강남구 신사동 662-12,10,27
125,수원 한일타운 131동,37.30495,127.008767,경기 수원시 장안구 조원동 881,7,26
126,주엽역 8번출구,37.670212,126.762917,경기 고양시 일산서구 주엽동 67,6,22
127,헤븐리치 오피스텔,37.402843,126.921106,경기 안양시 만안구 안양동 88-4,9,16
128,동탄동양파라곤,37.204124,127.071808,경기 화성시 반송동 93-11,8,20
129,도심역 2번출구(한강우성아파트),37.577626,127.224958,경기 남양주시 와부읍 도곡리 1012,6,28
130,대승주차장,37.500908,127.066643,서울 강남구 대치동 984-12,6,15
131,진접 제4노상공영주차장,37.714111,127.197973,경기 남양주시 진접읍 금곡리 1097,9,23
132,선릉역대우아이빌,37.504398,127.05139,서울 강남구 대치동 890-49,9,25
133,개화역광역 환승센터 주차장,37.577858,126.798027,서울 강서구 개화동 491-3,4,21
134,원흥봄 오피스텔,37.649708,126.874434,경기 고양시 덕양구 원흥동 627,4,16
135,SK허브블루빌딩,37.516899,127.041004,서울 강남구 논현동 241-3,10,30
136,힐스테이트에코 미사,37.562448,127.192294,경기 하남시 망월동 1106,4,29
137,대덕주차장,37.537476,127.204132,경기 하남시 덕풍동 420-4,6,23
138,극동스포츠빌딩,37.525422,127.025703,서울 강남구 신사동 575,9,20
139,아농스오피스텔 주차타워,37.567,126.931296,서울 서대문구 연희동 136-7,8,22
140,삼영주차장,37.431725,127.128378,경기 성남시 중원구 성남동 4165-1,10,20
141,한성대입구역 5번출구,37.588143,127.00468,서울 성북구 성북동1가 35-44,4,28
142,벽적골롯데아파트 946동,37.247527,127.06149,경기 수원시 영통구 영통동 971-1,9,20
143,행운주차장,37.421395,126.882902,경기 광명시 일직동 510-11,7,22
144,이문동웰츠타워,37.598822,127.062179,서울 동대문구 이문동 292-10,4,19
145,아이퍼스트타워,37.400352,126.976074,경기 안양시 동안구 관양동 1502-6,6,30
146,SK연희기지국 주차장,37.565243,126.929288,서울 서대문구 연희동 193-4,9,19
147,추계예대 앞,37.563988,126.954193,서울 서대문구 북아현동 1-238,5,26
148,LG트윈하우스,37.335724,127.109894,경기 성남시 분당구 구미동 192,6,24
149,덕회주차타워,37.20504,127.115555,경기 화성시 영천동 707-5,9,18
150,G타워,35.084045,128.903168,부산 강서구 명지동 3238,6,27
151,하안2단지 주공아파트 204동,37.466324,126.876307,경기 광명시 하안동 681,5,28
152,엘리트주차타워,37.555786,126.937813,서울 서대문구 창천동 29-90,8,21
153,돈암범양아파트,37.603655,127.027889,서울 성북구 돈암동 631,4,23
154,현대타운,37.472904,126.850952,경기 광명시 광명동 346-46,7,29
155,발산역 9번출구,37.559126,126.836366,서울 강서구 마곡동 797-4,9,15
156,대명주차장,37.503876,127.040421,서울 강남구 역삼동 674-14,7,30
157,AJ파크 논현점,37.516914,127.038574,서울 강남구 논현동 117-7,8,24
158,구운주차장,37.284206,126.97274,경기 수원시 권선구 구운동 899-7,9,15
159,효성레제스 오피스텔,37.641285,126.786825,경기 고양시 일산동구 백석동 1309-1,4,23
160,리치프라자3차,37.300616,127.046182,경기 수원시 영통구 이의동 1248-2,7,18
161,프라임주차장,37.264539,127.021191,경기 수원시 팔달구 인계동 1008-18,6,28
162,타이어아울렛 주차장,37.651175,127.305415,경기 남양주시 화도읍 창현리 482-7,5,25
163,문촌초등학교 옆,37.674228,126.75818,경기 고양시 일산서구 주엽동 12,6,25
164,그레이스타워,37.499561,127.031944,서울 강남구 역삼동 648-19,10,18
165,향남유료주차장,37.130116,126.922966,경기 화성시 향남읍 행정리 486-4,7,28
166,새한주차장,37.552396,126.851961,서울 강서구 화곡동 1120-13,4,16
167,미금파크주차빌딩,37.351017,127.111397,경기 성남시 분당구 금곡동 150,8,16
168,거주자우선주차장,37.584038,127.049004,서울 동대문구 청량리동 51-2,7,26
169,새롬빌딩,37.507725,127.045303,서울 강남구 역삼동 683-34,6,20
170,판교역 1번출구,37.39756,127.112427,경기 성남시 분당구 삼평동 657,5,30
171,캠코양재타워,37.487457,127.032982,서울 강남구 도곡동 949-3,9,19
172,정든마을동아2단지아파트 205동,37.359895,127.121756,경기 성남시 분당구 정자동 199,10,20
173,개운사 주차장,37.589043,127.029129,서울 성북구 안암동5가 156,5,17
174,SK북수원self주유소 주차장,37.304674,126.972629,경기 수원시 장안구 율전동 114-3,4,26
175,당촌초등학교 옆,37.373722,127.129287,경기 성남시 분당구 분당동 34,9,28
176,오현초등학교 옆,37.244974,126.965393,경기 수원시 권선구 오목천동 962,10,26
177,힐스테이트상가,37.547703,126.836845,서울 강서구 화곡동 1165-1,7,24
178,코엑스 옥상주차장(서문 GATE),37.511698,127.057775,서울 강남구 삼성동 159,7,26
179,송산주공아파트 113동 앞,37.74939,127.083118,경기 의정부시 용현동 547-3,8,19
180,양평역 2번출구 코레일주차장,37.494074,127.491712,경기 양평군 양평읍 양근리 130-9,8,17
181,신사역 1번출구(이래빌딩),37.516624,127.025208,서울 강남구 논현동 11-18,5,15
182,더판타지움 주차장,37.245201,127.061836,경기 수원시 영통구 영통동 981-2,9,15
183,회기역(베라체캠퍼스),37.590836,127.056213,서울 동대문구 회기동 346-18,10,27
184,위례중학교 뒤,37.478397,127.148239,경기 하남시 학암동 661,4,28
185,일성오퍼스원,37.448479,127.127052,경기 성남시 수정구 태평동 5113-7,7,18
186,마두역 1번출구(현대프리젠트),37.651225,126.777616,경기 고양시 일산동구 장항동 895,6,16
187,보타닉푸르지오시티,37.567298,126.826483,서울 강서구 마곡동 760,4,23
188,골든타워 주차장,37.563576,126.964516,서울 서대문구 충정로2가 191,8,15
189,SJ등촌골프연습장 주차장,37.558167,126.858261,서울 강서구 등촌동 629-7,9,16
190,정릉타워,37.607403,127.010254,서울 성북구 정릉동 408-3,7,22
191,양우로데오시티,37.664757,126.766678,경기 고양시 일산동구 장항동 730-1,4,27
192,SK주유소 목련점,37.412243,126.909958,경기 안양시 만안구 석수동 319-3,8,25
193,회기역 1번출구,37.59042,127.056999,서울 동대문구 휘경동 183-113,6,23
194,종암경찰서 옆,37.601551,127.032616,서울 성북구 종암동 3-1342,4,16
195,현대백화점 미아점 별관 주차장,37.607619,127.029743,서울 성북구 하월곡동 88-198,9,21
196,송학에버빌 2동 앞,37.606621,127.067041,서울 성북구 석관동 92-7,8,18
197,AJ파크 평촌역점 CGV전용 고객주차장,37.392944,126.96225,경기 안양시 동안구 관양동 1606,7,26
198,AJ파크 회룡역점,37.724556,127.046623,경기 의정부시 호원동 51-1,7,19
199,잠실감자탕 주차장,37.737343,127.043,경기 의정부시 의정부동 502,8,21
200,정자주차장,37.290066,127.000397,경기 수원시 장안구 정자동 75-18,7,18
201,화일주차장,37.541023,126.847359,서울 강서구 화곡동 61-184,8,24
202,비젼타워,37.496494,127.029716,서울 강남구 역삼동 826-26,7,23
203,별내동 노상 제4공영주차장,37.647039,127.121317,경기 남양주시 별내동 1026-3,4,25
204,남한산성입구역(성남중앙병원),37.453104,127.162185,경기 성남시 중원구 금광동 3956,8,17
205,양재SK허브프리모,37.485504,127.034302,서울 강남구 도곡동 953-1,4,23
206,동탄헤리움 오피스텔,37.21912,127.058372,경기 화성시 능동 1065-1,9,30
207,yesAPM주차장,37.557541,126.944977,서울 서대문구 대현동 145,4,26
208,국민대 주차장,37.610779,126.99501,서울 성북구 정릉동 861-1,4,29
209,어위시예다인,37.563103,126.850655,서울 강서구 등촌동 63-12,9,18
210,뉴힐탑호텔 논현 2호점,37.510941,127.031067,서울 강남구 논현동 152,4,20
211,행신1동 주민센터 앞,37.623135,126.834206,경기 고양시 덕양구 행신동 997,10,17
212,옥외주차장,37.556492,126.936089,서울 서대문구 창천동 30-33,8,30
213,구리역(유수지주차장),37.604244,127.145592,경기 구리시 인창동 239-3,9,22
214,서울카파크 주차장,37.68222,126.771095,경기 고양시 일산서구 일산동 655-95,8,30
215,e편한세상 4단지 AJ파크,37.557706,126.955431,서울 서대문구 북아현동 136-21,7,16
216,철골공영주차장,37.461601,126.879829,경기 광명시 하안동 38-1,6,25
217,SK엠시티 드라마파크 상가,37.654013,126.771071,경기 고양시 일산동구 장항동 869 SK엠시티드라마파크상가 지하1층,8,16
218,그랜드 타워 오피스텔,37.653277,126.686173,경기 김포시 운양동 1307-4,6,22
219,위워크타워,37.502336,127.043705,서울 강남구 역삼동 706,4,29
220,이마파킹,37.676903,126.747559,경기 고양시 일산서구 대화동 2207,4,15
221,홍제중앙하이츠아파트 앞,37.587093,126.936684,서울 서대문구 홍제동 334-182,6,29
222,녹양역 신환승주차장,37.760854,127.042869,경기 의정부시 녹양동 14-11,7,19
223,롯데프라자,37.246933,127.061508,경기 수원시 영통구 영통동 971-1,6,18
224,조치원역 서부주차장,36.601604,127.295158,세종특별자치시 조치원읍 원리 141-52,4,27
225,일산양일중학교 옆,37.676507,126.813194,경기 고양시 일산동구 식사동 647-1,6,21
226,화곡본-2 공영주차장,37.544201,126.848427,서울 강서구 화곡동 46-127,6,18
227,치매지원센터 공영주차장,37.510269,127.046387,서울 강남구 삼성동 113-26,7,25
228,마곡엠밸리14단지 1409동,37.557034,126.82354,서울 강서구 마곡동 750,6,24
229,신구초교공영주차장,37.522713,127.023575,서울 강남구 신사동 550-11,6,22
230,길음역,37.604038,127.025833,서울 성북구 하월곡동 104-112,10,22
231,테라스뷰,37.218332,127.059489,경기 화성시 능동 1064-1,9,24
232,부흥동주민센터 옆,37.393983,126.9478,경기 안양시 동안구 비산동 1103-4,6,25
233,광교중앙역 3번출구(써밋플레이스),37.290272,127.051674,경기 수원시 영통구 이의동 1332,9,28
234,강서구문화복지센터 옆,37.529255,126.8498,서울 강서구 화곡동 891-25,7,28
235,화신주차장,37.539604,126.834122,서울 강서구 화곡동 1070,6,24
236,이대역 1번출구,37.557374,126.94239,서울 서대문구 대현동 104-5,10,26
237,원당역 4번출구(신원당대명아파트),37.651752,126.835826,경기 고양시 덕양구 성사동 730,7,24
238,압구정주차장,37.526798,127.039551,서울 강남구 신사동 664-23,5,21
239,이마트 가양점 주차장,37.557568,126.86235,서울 강서구 가양동 449-19,6,17
240,시조사삼거리 유료주차장,37.589134,127.053833,서울 동대문구 회기동 65-44,10,26
241,샘내공원 옆,37.296961,126.981875,경기 수원시 장안구 천천동 524-1,5,23
242,진건초등학교 옆(세원빌라),37.657724,127.177443,경기 남양주시 진건읍 용정리 775-17,9,29
243,본메디타워,37.273994,127.047714,경기 수원시 영통구 원천동 78-3,8,18
244,안양종합운동장 앞,37.403812,126.948372,경기 안양시 동안구 비산동 1026-1,9,18
245,천사의도시1차,37.350727,127.108299,경기 성남시 분당구 금곡동 161,4,24
246,신흥주차장,37.396187,126.919632,경기 안양시 만안구 안양동 711-57,6,26
247,더굿메이트 상가전용,37.198484,126.826023,경기 화성시 남양읍 남양리 2320-5,4,24
248,안양초등학교 앞,37.395187,126.926888,경기 안양시 만안구 안양동 622-72,8,20
249,산호빌라,37.511138,127.030609,서울 강남구 논현동 151-4,9,22
250,정발산역 1번출구(양우드라마시티),37.656258,126.773317,경기 고양시 일산동구 장항동 854-1,4,16
251,송림주차타워,37.277882,127.035599,경기 수원시 팔달구 우만동 147-13,6,26
252,디아뜨크리스탈,37.640461,126.785484,경기 고양시 일산동구 백석동 1325,10,24
253,대아주차장,37.503841,127.033799,서울 강남구 역삼동 627-5,7,24
254,초림초등학교 옆(양지마을6단지),37.376216,127.116713,경기 성남시 분당구 수내동 32,6,26
255,호매실고등학교 옆,37.265351,126.959966,경기 수원시 권선구 호매실동 1371,7,27
256,수서역 공영주차장,37.487373,127.100021,서울 강남구 수서동 735,4,17
257,성원빌라,37.590598,127.009196,서울 성북구 동소문동4가 76,7,24
258,월곡역 1번출구,37.601513,127.037846,서울 성북구 종암동 104-1,9,28
259,AJ파크 우리프라자,37.675713,126.74678,경기 고양시 일산서구 대화동 2226,5,29
260,쌍용아파트 103동 앞,37.30592,127.005341,경기 수원시 장안구 조원동 881,6,24
261,모닝타운주차장,37.193878,127.073318,경기 화성시 반송동 220-4,6,26
262,논현초교 공영주차장,37.508205,127.02684,서울 강남구 논현동 168,10,15
263,개포동역 4번출구,37.489605,127.068466,서울 강남구 개포동 182-1,5,25
264,꽃뫼환승주차장,37.285385,126.9869,경기 수원시 팔달구 화서동 689-19,5,30
265,숲속마을풍성신미주아파트 894동,37.209532,127.049906,경기 화성시 능동 1126,7,20
266,계성고등학교 뒤,37.604981,127.022128,서울 성북구 길음동 1284-19,4,24
267,동화건설주차빌딩,37.540543,127.207336,경기 하남시 신장동 426-4,9,19
268,화이트빌,37.559399,126.931358,서울 서대문구 창천동 100-26,6,17
269,청학주공7단지아파트 707동,37.712,127.116813,경기 남양주시 별내면 청학리 353-1,9,16
270,시립동대문도서관 옆,37.57304,127.023895,서울 동대문구 신설동 117-12,10,28
271,정원유료주차장,37.439964,127.129745,경기 성남시 수정구 수진동 2964,9,28
272,백마역 1번출구(백마5단지),37.659718,126.791626,경기 고양시 일산동구 마두동 717,6,26
273,곰달래문화복지센터 공영주차장,37.529175,126.848946,서울 강서구 화곡8동 890,9,17
274,백석역사거리,37.643742,126.786369,경기 고양시 일산동구 백석동 1332-2,9,20
275,율헌빌 주차장,37.560261,126.927818,서울 서대문구 창천동 420,4,16
276,뉴코아아울렛 일산점 타워주차장,37.654773,126.777338,경기 고양시 일산동구 마두동 797-1,9,16
277,호원동한승미메이드 107동,37.721862,127.042495,경기 의정부시 호원동 289-7,5,25
278,양평군 공영주차장,37.492596,127.488312,경기 양평군 양평읍 양근리 396-24,8,28
279,수진주차장,37.440857,127.133057,경기 성남시 수정구 수진동 62,6,23
280,권선1동 주민센터 옆(SK뷰아파트),37.25766,127.027199,경기 수원시 권선구 권선동 1035,9,22
281,주공Humansia 602동,37.65862,127.24006,경기 남양주시 호평동 712,8,21
282,세경아파트(803동),36.49985,127.250043,세종특별자치시 종촌동 692,7,19
283,광교중앙역 4번출구,37.285912,127.056418,경기 수원시 영통구 이의동 1338,6,22
284,KT동수원빌딩,37.272972,127.051559,경기 수원시 영통구 매탄동 111,6,23
285,고려대학교 세종캠퍼스 정문 주차장,36.60991,127.29272,세종특별자치시 조치원읍 서창리 53-13,4,17
286,홍은사거리,37.590771,126.940819,서울 서대문구 홍제동 294-84,7,20
287,어울림공원 앞,37.273514,126.956608,경기 수원시 권선구 금곡동 1125-3,5,26
288,대원갈비,37.68251,126.757713,경기 고양시 일산서구 대화동 2031,10,20
289,정자역엠코헤리츠 3단지,37.362183,127.106626,경기 성남시 분당구 정자동 166-2,6,28
290,신촌1공영주차장,37.558964,126.933838,서울 서대문구 창천동 70-34,6,30
291,이룸넘버원리치안,37.630832,127.117654,경기 구리시 갈매동 306-8,4,28
292,영통역 2번출구,37.251761,127.077146,경기 수원시 영통구 영통동 1012-1,5,26
293,세기프라자 주차장,37.572397,127.055601,서울 동대문구 답십리동 1003-2,9,19
294,아남타워빌딩,37.504042,127.044867,서울 강남구 역삼동 702-10,8,30
295,장한평역 4번출구(에코바움),37.563549,127.070145,서울 동대문구 장안동 443-2,9,17
296,동대문푸르지오시티,37.577705,127.032951,서울 동대문구 용두동 104-3,7,16
297,양평역 1번출구 코레일주차장,37.493557,127.490631,경기 양평군 양평읍 양근리 130,5,27
298,우송빌라,37.552303,126.848489,서울 강서구 화곡동 996-4,5,23
299,한양대 구리병원,37.601334,127.131989,경기 구리시 교문동 249-1,7,24
300,1307동 옆 지하주차장,37.567973,127.188409,경기 하남시 망월동 949,6,30
301,갑을명가상가,37.603485,127.042259,서울 성북구 하월곡동 227,8,16
302,고양경찰서 앞,37.627548,126.82988,경기 고양시 덕양구 화정동 1147,4,29
303,SK유타워,37.366428,127.10656,경기 성남시 분당구 정자동 25-1,10,25
304,증미역 4번출구(오투빌2차아파트),37.555789,126.859995,서울 강서구 등촌동 712,9,20
305,GS파크 하나은행수원금융센터점,37.262378,127.032953,경기 수원시 팔달구 인계동 1124-2,8,16
306,압구정고가2 공영주차장,37.525791,127.02839,서울 강남구 신사동 581-13 앞(압구정역 4번출구 앞),9,23
307,도덕파크타운 105동,37.469384,126.865413,경기 광명시 철산동 625,7,18
308,인중 유료주차장,37.474518,126.86821,경기 광명시 철산동 416,10,19
309,광명국민체육센터,37.486839,126.865433,경기 광명시 철산동 63,4,29
310,스타타워,37.678017,126.81234,경기 고양시 일산동구 식사동 1531,5,23
311,광교중앙역 3번출구,37.292345,127.049247,경기 수원시 영통구 이의동 1330,4,25
312,의정부 제일시장앞,37.739487,127.051895,경기 의정부시 의정부동 125-4,6,16
313,테라스힐,37.300148,127.04313,경기 수원시 영통구 이의동 1256-1,9,22
314,롯데슈퍼,37.690341,126.598611,경기 김포시 통진읍 마송리 104-71,10,21
315,점프밀라노,37.50132,127.026482,서울 강남구 역삼동 815,7,22
316,풍년마을청구한라아파트 210동 뒤,37.622515,126.718727,경기 김포시 북변동 815,6,27
317,강남블루지움,37.474884,127.107232,서울 강남구 자곡동 56-120,9,23
318,휘경여자중학교 앞,37.584001,127.069475,서울 동대문구 휘경동 57,8,21
319,언주초교 공영주차장,37.4869,127.037788,서울 강남구 도곡동 922,7,26
320,충정주차장,37.620693,126.820366,경기 고양시 덕양구 토당동 444-4,5,23
321,성일주차장,37.479229,126.857674,경기 광명시 광명동 156-4,7,24
322,계명주차장,37.497562,127.051521,서울 강남구 역삼동 756-19,5,21
323,산들마을3단지아파트 306동 앞,37.681107,126.776375,경기 고양시 일산서구 일산동 1654,5,15
324,산타마리아 상가주차장,37.6441,126.667442,경기 김포시 장기동 1618,5,26
325,골든밸리오피스텔 주차장,37.351055,127.107803,경기 성남시 분당구 금곡동 171,9,16
326,세종푸르지오시티 1차 주차장,36.496029,127.263816,세종특별자치시 어진동 656,4,24
327,포이초교 공영주차장,37.474949,127.051483,서울 강남구 개포동 1273,4,28
328,성신여대 앞,37.590664,127.018898,서울 성북구 동선동2가 133,8,22
329,강촌마을1단지 105동,37.656883,126.783671,경기 고양시 일산동구 마두동 757,10,26
330,플러스타워,37.116802,126.911896,경기 화성시 향남읍 하길리 1466,10,22
331,디오슈페리움,37.492207,127.031311,서울 강남구 역삼동 832-5,10,21
332,진접센트레빌시티1단지,37.739673,127.199326,경기 남양주시 진접읍 부평리 764,4,27
333,영통중학교 앞,37.252664,127.062682,경기 수원시 영통구 영통동 964-5,10,23
334,대청역 1번출구,37.494961,127.07914,서울 강남구 개포동 13-2,5,20
335,리움하우스 1차,37.581249,126.919777,서울 서대문구 북가좌동 5-42,10,30
336,청원노외주차장,37.40464,126.918983,경기 안양시 만안구 안양동 845-13,5,25
337,논현탁구클럽 주차장,37.513321,127.032928,서울 강남구 논현동 213-35,4,17
338,SK주유소 광덕점,37.583111,127.020271,서울 성북구 보문동5가 146-1,9,20
339,숯골사거리,37.443451,127.142525,경기 성남시 수정구 신흥동 5491,4,17
340,휴먼시아1단지 114동,37.602754,127.155502,경기 남양주시 다산동 669,4,26
341,영희초교 공영주차장,37.492203,127.081833,서울 강남구 일원동 707-3,6,30
342,고양국제고등학교 앞,37.682059,126.808253,경기 고양시 일산동구 식사동 1510,10,24
343,대덕프라자,37.412231,127.129707,경기 성남시 분당구 야탑동 361-5,9,15
344,도성초등학교 앞,37.498984,127.048814,서울 강남구 역삼동 755,9,20
345,거주자우선주차구역,37.597851,126.956123,서울 서대문구 홍은동 4-9,10,15
346,석수아이파크 105동,37.405844,126.90176,경기 안양시 만안구 석수동 794,4,25
347,금오주공그린빌9단지 911동,37.746819,127.080124,경기 의정부시 신곡동 790,7,17
348,개포디지털혁신파크,37.4884,127.064537,서울 강남구 개포동 153,7,28
349,하늘마을5단지아파트 506동,37.677247,126.786546,경기 고양시 일산동구 중산동 1800,5,28
350,소리마을smpark 103동,37.608204,127.022398,서울 성북구 길음동 1207,4,24
351,IBK기업은행주차장,37.597904,127.142738,경기 구리시 수택동 424-21,10,26
352,신설동 공영주차장,37.572552,127.024399,서울 동대문구 신설동 114-29,8,28
353,스마트프라자,37.405354,126.971466,경기 안양시 동안구 관양동 1725-1,6,15
354,나비초등학교 앞,37.641016,126.624944,경기 김포시 구래동 6895-4,5,17
355,초원오피스텔,37.573856,126.935814,서울 서대문구 연희동 76-24,10,26
356,우남퍼스트빌스타,37.218575,127.058319,경기 화성시 능동 1065-2,7,24
357,소만마을 8단지 802동 앞,37.616982,126.841103,경기 고양시 덕양구 행신동 781,4,18
358,성남자이아파트 105동,37.432545,127.15567,경기 성남시 중원구 하대원동 539,9,16
359,달빛마을 211동 앞,37.646915,126.837837,경기 고양시 덕양구 화정동 851,8,17
360,방화동 하이파킹 주차장,37.573521,126.810539,서울 강서구 방화동 484-17,7,24
361,성원코아,37.654705,126.838303,경기 고양시 덕양구 성사동 704-4,8,20
362,삼익에이스빌 2차,37.448107,127.157797,경기 성남시 수정구 단대동 162-2,7,20
363,정릉 중앙하이츠빌 1단지 106동,37.602381,127.010044,서울 성북구 정릉동 494,6,20
364,대림아크로텔 B동,37.36269,127.107338,경기 성남시 분당구 정자동 168-1,10,25
365,신한대학교 벧엘관,37.71027,127.046432,경기 의정부시 호원동 산101-1,7,27
366,신원2차아파트 202동,37.687772,126.762974,경기 고양시 일산서구 일산동 2121,6,27
367,안집주차장,37.738136,127.050667,경기 의정부시 의정부동 172-29,10,23
368,방화역(동) 공영주차장,37.577251,126.813286,서울 강서구 방화동 830-4,4,24
369,후곡마을10단지아파트 1004동,37.680369,126.768688,경기 고양시 일산서구 일산동 1074,7,27
370,우림블루나인비즈니스센터,37.557098,126.864143,서울 강서구 염창동 240-21,8,29
371,반월삼거리(신동탄롯데캐슬),37.227062,127.068397,경기 화성시 반월동 111-4,9,17
372,청량리신현대아파트 9동 앞 주차장,37.5894,127.050816,서울 동대문구 회기동 65,6,25
373,주엽고등학교 앞(문촌7단지),37.673988,126.756599,경기 고양시 일산서구 주엽동 14,10,21
374,경동고공영주차장,37.586777,127.015129,서울 성북구 삼선동3가 43-1,5,19
375,성북동 주민센터 뒤,37.591214,127.002545,서울 성북구 성북동 186-12,6,17
376,마두역 8번출구(오원프라자),37.651066,126.778995,경기 고양시 일산동구 마두동 805-1,7,28
377,광교호반마을21단지 2102동,37.277733,127.067592,경기 수원시 영통구 하동 1032,8,16
378,타요키즈카페,37.449497,126.889297,경기 광명시 소하동 1313-4,5,21
379,행복유료주차장,37.58279,127.020241,서울 성북구 보문동5가 145-4,8,24
380,샘모루초등학교 공영주차장,37.399071,126.940788,경기 안양시 동안구 비산동 405,9,19
381,전농우성아파트 관리사무소 옆,37.577881,127.065964,서울 동대문구 전농동 6,5,23
382,벽적골8단지 833동,37.250458,127.062721,경기 수원시 영통구 영통동 972-2,7,18
383,오남아이파크 104동 앞,37.696138,127.200533,경기 남양주시 오남읍 오남리 891,4,19
384,송현고등학교 옆,37.743993,127.089681,경기 의정부시 민락동 735-3,7,16
385,학동역 5번출구(논현2호),37.512234,127.02858,서울 강남구 논현동 127-14,8,27
386,세종시청 정문 주차장,36.478878,127.287125,세종특별자치시 보람동 626-5,7,17
387,미래메디컬빌딩,37.66357,126.888901,경기 고양시 덕양구 신원동 621-2,5,19
388,냉천초등학교 옆(리네일아트),37.664784,126.785315,경기 고양시 일산동구 마두동 840-1,5,27
389,하늘마을 1단지,37.67996,126.779579,경기 고양시 일산동구 중산동 1680 하늘마을1단지아파트,5,29
390,스타뷰 빌라,37.499542,127.039001,서울 강남구 역삼동 725-6,6,27
391,예봉초등학교 앞,37.59092,127.221169,경기 남양주시 와부읍 덕소리 613,4,26
392,광교 경동 해피리움,37.290315,127.04569,경기 수원시 영통구 이의동 1351,4,24
393,코아루센타시아,37.593063,127.019234,서울 성북구 동선동1가 121-6 코아루센타시아,9,20
394,도램마을11단지 반도유보라 1102동 주차장,36.513633,127.260504,세종특별자치시 도담동 653,8,28
395,화서환승주차장,37.285549,126.990753,경기 수원시 팔달구 화서동 643,9,18
396,중소기업지원센터 삼거리,37.290623,127.046347,경기 수원시 영통구 이의동 1351-2,10,28
397,강남을지병원앞 교차로(호텔선샤인),37.520612,127.028789,서울 강남구 신사동 587-1,4,18
398,효동초 뒤(동수원카랜드),37.263937,127.046884,경기 수원시 영통구 매탄동 840-7,5,18
399,양천향교역 7번출구(마곡경동미르웰),37.566177,126.840134,서울 강서구 마곡동 784-2,4,23
400,병점역 A주차장,37.206713,127.033786,경기 화성시 진안동 824-26,5,30
401,제일주차장,37.508247,127.057953,서울 강남구 삼성동 158-5,8,15
402,평내고등학교 앞(유진마젤란),37.643772,127.236336,경기 남양주시 평내동 551,6,16
403,"한신 아파트 111동 7,8 라인 앞",37.594346,127.010038,서울 성북구 돈암동 609-1,10,23
404,매봉역 3번출구,37.487227,127.051647,서울 강남구 도곡동 467-19,7,21
405,낙양물사랑공원(미디어주차장),37.746516,127.094509,경기 의정부시 민락동 815,10,16
406,강촌마을6단지아파트 602동,37.650045,126.779686,경기 고양시 일산동구 마두동 806,8,19
407,길음뉴타운 806동 앞,37.608216,127.017231,서울 성북구 길음동 1284,6,29
408,강서가로공원 공영주차장,37.537415,126.838882,서울 강서구 화곡동 662-15,4,18
409,신호아파트 101동 ,37.302477,126.989479,경기 수원시 장안구 정자동 840-99,8,17
410,대한대우아파트 126동 앞,37.264416,127.005628,경기 수원시 팔달구 매산로2가 90,9,17
411,화곡1-1 공영주차장,37.531429,126.839859,서울 강서구 화곡동 424-94,6,29
412,만안구청 옆,37.386982,126.933472,경기 안양시 만안구 안양동 529-7,10,16
413,무지개마을청구아파트 501동 앞,37.339084,127.119562,경기 성남시 분당구 구미동 221,8,15
414,모래내우체국앞 교차로(DMC아이파크),37.577181,126.914176,서울 서대문구 북가좌동 458,4,15
415,마곡센트럴대방디엠시티오피스텔 1차 주차장,37.568141,126.840127,서울 강서구 마곡동 776-2,6,20
416,신영통현대4차 404동,37.233481,127.061652,경기 화성시 반월동 870,10,29
417,가양4단지아파트,37.564957,126.851997,서울 강서구 가양동 1478,5,21
418,전농삼성아파트 정문 앞,37.581781,127.05569,서울 동대문구 전농동 155,9,21
419,도심공항터미널 주차장,37.5093,127.05917,서울 강남구 삼성동 159-6,9,30
420,평촌역 2번출구,37.395198,126.96133,경기 안양시 동안구 관양동 1595-1,10,28
421,분당중학교 옆,37.361933,127.106863,경기 성남시 분당구 정자동 166-3,5,23
422,차관아파트사거리,37.512375,127.052834,서울 강남구 삼성동 119-4,4,28
423,분당서현빌딩,37.384971,127.121924,경기 성남시 분당구 서현동 270-1,7,26
424,장안2동 공영주차장,37.578087,127.070602,서울 동대문구 장안동 286-9,10,21
425,밤꽃마을뜨란채 108동 관리사무소 앞,37.306076,126.968138,경기 수원시 장안구 율전동 546,7,19
426,CU 성남월드점,37.430874,127.13131,경기 성남시 중원구 성남동 3510,7,15
427,장안동 근린공원,37.576851,127.071922,서울 동대문구 장안동 300,5,23
428,SK주유소 갤럭시점 주차장,37.266444,127.064574,경기 수원시 영통구 원천동 328-6,5,30
429,볏골공원 공영주차장,37.541569,126.844612,서울 강서구 화곡동 98-86,10,21
430,이림리치안,37.217225,127.078702,경기 화성시 석우동 31-7,6,18
431,현대오피스,37.379967,127.114861,경기 성남시 분당구 수내동 9-4,9,24
432,탑월드주차빌딩,37.340355,127.109756,경기 성남시 분당구 구미동 182,5,19
433,마송우회도로사거리(마송불가마),37.690503,126.597065,경기 김포시 통진읍 마송리 116-16,7,25
434,SK영통제일self주유소 주차장,37.254313,127.062684,경기 수원시 영통구 매탄동 540-5,8,30
435,일산국제컨벤션고등학교 앞,37.671149,126.773013,경기 고양시 일산동구 정발산동 1170,10,21
436,현대주차장,37.499077,127.037262,서울 강남구 역삼동 738-8,6,29
437,평내호평스위첸아파트 앞,37.656967,127.245346,경기 남양주시 호평동 170-8,4,15
438,신명.한국아파트 204동 앞 Parking2,37.268131,127.084049,경기 수원시 영통구 영통동 1054-3,4,30
439,SK엠시티 오피스텔,37.654788,126.770768,경기 고양시 일산동구 장항동 869 SK엠시티오피스텔 지하 3층,7,24
440,동아에코빌아파트 114동,37.606934,127.045028,서울 성북구 상월곡동 101,5,27
441,아마노 감리신학대학교점,37.56773,126.963272,서울 서대문구 냉천동 31,7,24
442,아름마을 풍림아파트 509동,37.397839,127.121849,경기 성남시 분당구 이매동 140,7,17
443,구미동주민센터 앞,37.341468,127.122582,경기 성남시 분당구 구미동 242,10,18
444,태영웨딩노블레스,37.390549,126.948158,경기 안양시 동안구 비산동 1104-1,6,21
445,성원아파트 103동 앞,37.611679,127.136785,경기 구리시 인창동 453,6,15
446,르파비스 2232동,37.18312,127.125892,경기 화성시 목동 262,8,21
447,강남구청역 3번출구(카사빌라),37.517803,127.039044,서울 강남구 논현동 112-9,7,16
448,운양동 주민센터 옆,37.654688,126.684804,경기 김포시 운양동 1296-7,4,25
449,일원역 5번출구(한솔아파트),37.482342,127.07946,서울 강남구 일원동 731,7,28
450,사릉 제2공영주차장,37.650419,127.179047,경기 남양주시 진건읍 사능리 590-2,5,16
451,문촌1단지 우성아파트,37.677608,126.757681,경기 고양시 일산서구 주엽동 1,4,27
452,한산초등학교 앞,37.694153,126.755048,경기 고양시 일산서구 덕이동 386-13,8,25
453,"해링턴플레이스 오피스텔 상가동,103동",37.205356,127.036295,경기 화성시 병점동 871,4,26
454,청명역 6번출구(황골마을주공1단지),37.262263,127.079803,경기 수원시 영통구 영통동 955-1,4,27
455,성저마을3단지아파트 305동 앞,37.678183,126.747403,경기 고양시 일산서구 대화동 2215,7,23
456,돈암동일하이빌,37.591647,127.014551,서울 성북구 동소문동5가 120,6,25
457,CU 홍은벽산점 옆,37.594432,126.946237,서울 서대문구 홍은동 48-80,10,17
458,조이전농프라자,37.574443,127.047188,서울 동대문구 전농동 647-1,7,26
459,HN복정주택 주차장,37.467201,127.127605,경기 성남시 수정구 복정동 639-14,7,26
460,능곡현대홈타운1차 106동 뒤,37.621726,126.823247,경기 고양시 덕양구 토당동 364,5,27
461,종암동 주민센터,37.599007,127.035202,서울 성북구 종암동 16-8,9,15
462,안양5동 주민센터 앞,37.394268,126.921402,경기 안양시 만안구 안양동 707-131,9,28
463,세종환승주차장A,36.480839,127.261406,세종특별자치시 나성동 719,6,25
464,KB중앙타워,37.649303,126.875107,경기 고양시 덕양구 원흥동 631,10,26
465,한솔쇼핑타운 주차장,37.578411,127.035278,서울 동대문구 제기동 892-72,6,16
466,교문중학교 옆,37.589251,127.135105,경기 구리시 교문동 809-3,6,23
467,부산 신호사랑으로부영2차아파트 214동,35.087064,128.875918,부산 강서구 신호동 298-1,4,30
468,현대벤처빌,37.34967,127.110046,경기 성남시 분당구 구미동 24-1,4,15
469,풍년마을서광신안아파트 314동 앞,37.626485,126.713051,경기 김포시 북변동 802,4,19
470,삼성주차장,37.499817,127.040283,서울 강남구 역삼동 725-28,9,17
471,새뜸마을 8단지 805동 주차장,36.483288,127.253748,세종특별자치시 새롬동 341-42,9,30
472,HN호평주택 주차장,37.657288,127.245903,경기 남양주시 호평동 171-2,7,24
473,아리랑시네센터주차장,37.599251,127.014458,서울 성북구 돈암동 538-59,8,19
474,신촌역 동측광장공영주차장,37.559296,126.942719,서울 서대문구 대현동 121-9,6,29
475,장안타운건영아파트 내 건영 상가,37.370996,127.14014,경기 성남시 분당구 분당동 66,10,20
476,남양주월산사랑으로부영1단지 112동,37.65388,127.338673,경기 남양주시 화도읍 월산리 1528,7,26
477,성균관대학교 옆(삼성1단지),37.291761,126.969293,경기 수원시 장안구 율전동 468,4,18
478,와부 제3공영주차장,37.578609,127.22509,경기 남양주시 와부읍 도곡리 1037-12,6,17
479,동양파라곤2단지오피스텔 202동,37.258155,127.033632,경기 수원시 팔달구 인계동 1134-10,5,18
480,장수등갈비주차장,37.647758,127.305695,경기 남양주시 화도읍 창현리 551-2,4,23
481,보람더하임 101동 앞,37.552052,126.869835,서울 강서구 염창동 305,5,29
482,코스트코 일산점 옆(동문굿모닝힐2차),37.639937,126.787365,경기 고양시 일산동구 백석동 1319,4,16
483,백석역 4번출구,37.643196,126.787094,경기 고양시 일산동구 백석동 1331,8,29
484,세원빌딩(Z.A.G. POT),37.510059,127.055336,서울 강남구 삼성동 151-5,7,22
485,명일주차장,37.473827,127.052826,서울 강남구 개포동 1176-3,9,16
486,무지개타워 주차장,36.484692,127.251115,세종특별자치시 새롬동 341-95,5,27
487,포레스트힐 주차장,37.275852,127.02317,경기 수원시 팔달구 지동 365-20,5,17
488,SK주유소 가양점,37.569756,126.841888,서울 강서구 가양동 151-1,6,30
489,"삼선현대힐스테이트 101동 4,5라인 주차장",37.581772,127.01284,서울 성북구 삼선동2가 420,6,27
490,거주자우선주차구역,37.586262,126.913155,서울 서대문구 북가좌동 340-35,9,28
491,성신여성고시원,37.592865,127.020192,서울 성북구 동선동3가 195,7,18
492,다울네버빌A,37.543172,126.840386,서울 강서구 화곡동 1054-4,8,22
493,그레이스힐,37.562004,126.852539,서울 강서구 등촌동 717,9,15
494,세림타운,37.207886,127.062042,경기 화성시 반송동 46,8,27
495,천록아파트 5동 앞,37.2981,126.974236,경기 수원시 장안구 율전동 276-3,8,16
496,가자 실내낚시터 주차장,37.605095,127.02504,서울 성북구 길음동 1070-32,6,21
497,길음역 7번출구,37.602394,127.022102,서울 성북구 길음동 535-22,10,19
498,광명역 4번출구(광명역써밋플레이스),37.416714,126.882144,경기 광명시 일직동 513,4,30
499,동양프라자,37.617582,126.622152,경기 김포시 양촌읍 학운리 2988,6,15
500,제기동역 1번출구,37.579697,127.031732,서울 동대문구 용두동 138-34,5,19
501,돌곶이역 8번출구,37.609402,127.055634,서울 성북구 석관동 407-4,7,18
502,전원마을월드1단지아파트 113동,37.645857,126.685626,경기 김포시 운양동 1438,9,18
503,정발산역 1번출구,37.656509,126.773247,경기 고양시 일산동구 장항동 855,6,17
504,정릉우체국 앞(정릉푸르지오아파트),37.606781,127.009888,서울 성북구 정릉동 406,5,24
505,강남을지병원 뒤 유료주차장,37.519203,127.029732,서울 강남구 논현동 65-1,10,29
506,한티역 2번출구,37.4986,127.055077,서울 강남구 대치동 924-10,9,30
507,SH공공원룸주택 MJ빌,37.583218,126.922516,서울 서대문구 남가좌동 3-19,6,18
508,구역삼세무서교차로(남국빌딩),37.496799,127.040573,서울 강남구 역삼동 733-8,9,27
509,의정부 가구거리,37.735149,127.049896,경기 의정부시 의정부동 97-29,7,25
510,휘경동 주공1단지아파트,37.583817,127.070343,서울 동대문구 휘경동 57,10,25
511,풍산초교 옆(성원아파트),37.66548,126.794338,경기 고양시 일산동구 풍동 551-1,7,29
512,율전초등학교 옆(라온빌),37.29491,126.967764,경기 수원시 장안구 율전동 416-11,6,22
513,연희중학교 뒤(MJ빌),37.580709,126.918855,서울 서대문구 북가좌동 5-90,7,29
514,V-PLEX(패스트파이브 삼성2호점),37.507496,127.056847,서울 강남구 삼성동 157-27,5,25
515,청구블루빌,37.378601,127.113319,경기 성남시 분당구 수내동 11-1,7,17
516,보보스텔오피스텔,37.476086,126.864159,경기 광명시 철산동 472-170,5,25
517,코오롱아파트 103동,37.606066,127.065724,서울 성북구 석관동 405,6,24
518,동탄역 2번출구,37.197798,127.097701,경기 화성시 오산동 969-6,10,21
519,신촌역 4번출구(신촌치안센터 옆),37.555515,126.937536,서울 서대문구 창천동 18-42,9,30
520,화중초등학교 옆,37.641602,126.836026,경기 고양시 덕양구 화정동 870,4,23
521,고양종합터미널 옆,37.644341,126.79097,경기 고양시 일산동구 백석동 1239-2,8,24
522,남양주신촌초등학교 옆,37.644834,127.239149,경기 남양주시 평내동 601,10,23
523,강남훼미리타운 오피스텔 A동,37.474003,127.10757,서울 강남구 자곡동 56-95,8,19
524,퇴계원 제3공영주차장,37.647933,127.14201,경기 남양주시 퇴계원면 퇴계원리 218-8,10,21
525,동부센트레빌 202동,37.44783,127.129425,경기 성남시 수정구 태평동 7344,8,20
526,골든서울호텔 주차장,37.548046,126.878296,서울 강서구 염창동 260-7,7,15
527,e편한세상 삼송 1차 104동,37.649408,126.896237,경기 고양시 덕양구 동산동 369,10,27
528,고려대역 5번출구,37.587991,127.038223,서울 동대문구 제기동 1212,7,18
529,동수원자이1차 110동,37.236116,127.054583,경기 수원시 영통구 망포동 686,10,16
530,새샘마을6단지(604동),36.483488,127.305232,세종특별자치시 소담동 9-130,6,21
531,대화역 3번출구(하이투모로),37.676178,126.745972,경기 고양시 일산서구 대화동 2219,6,24
532,녹색친구들 창천점,37.560501,126.928307,서울 서대문구 창천동 388,7,16
533,학동역 10번출구,37.515274,127.033058,서울 강남구 논현동 89,9,18
534,월곡3SH빌,37.61203,127.03791,서울 성북구 하월곡동 225-1,8,17
535,창곡교차로,37.464797,127.141182,경기 성남시 수정구 창곡동 0,8,25
536,피델리아빌딩,37.556614,126.937424,서울 서대문구 창천동 18-23,4,22
537,석수e-편한세상아파트 118동,37.414723,126.913788,경기 안양시 만안구 석수동 182-2,9,24
538,개화산역 공영주차장,37.572208,126.805,서울 강서구 방화동 526-16,8,26
539,쌍마한신아파트 101동 앞,37.477051,126.867729,경기 광명시 철산동 245,8,22
540,마두역 1번출구,37.650692,126.777596,경기 고양시 일산동구 장항동 897,5,25
541,고용노동부 뒤,36.502293,127.259766,세종특별자치시 어진동 536,4,21
542,덕소역 코레일 주차장,37.587574,127.208325,경기 남양주시 와부읍 덕소리 590-1,8,28
543,관악역 2번출구,37.418678,126.909538,경기 안양시 만안구 석수동 110-23,8,24
544,홈플러스 일산점 옆,37.658794,126.768005,경기 고양시 일산동구 장항동 754,8,18
545,독립문고가 밑 공영주차장,37.571552,126.959663,서울 서대문구 영천동 252,6,30
546,화곡4동 주민센터 옆,37.535141,126.858269,서울 강서구 화곡동 824-1,5,29
547,하늘마을4단지아파트 403동,37.675929,126.785065,경기 고양시 일산동구 중산동 1802,7,21
548,평촌동 주민센터 앞(한일미래아파트),37.393701,126.97756,경기 안양시 동안구 평촌동 66-6,5,30
549,가양역 10번출구(등촌주공11단지),37.559692,126.849487,서울 강서구 등촌동 705-6,7,17
550,푸른마을신일해피트리 963동,37.20102,127.054718,경기 화성시 능동 1150,10,29
551,미가한식 전용주차장,35.083052,128.878766,부산 강서구 신호동 240-1,10,24
552,포스코센터 주차장,37.505634,127.056694,서울 강남구 대치동 892,10,22
553,정부세종청사 제15주차장,36.497517,127.266411,세종특별자치시 어진동 651,9,25
554,일산 우림보보카운티1,37.662678,126.768811,경기 고양시 일산동구 장항동 778,8,26
555,호평고등학교 앞,37.656248,127.25291,경기 남양주시 호평동 671,10,15
556,카페수아주차장,37.455624,127.128448,경기 성남시 수정구 복정동 698-9,8,19
557,주공그린빌 105동 앞,37.42009,126.910347,경기 안양시 만안구 석수동 805,7,19
558,마두역 1번출구(호수마을1단지),37.648542,126.779606,경기 고양시 일산동구 장항동 902,9,21
559,신일유토빌오피스텔,37.498829,127.033478,서울 강남구 역삼동 735-11,8,29
560,청호델피노 오피스텔,37.391336,127.076428,경기 성남시 분당구 운중동 947,8,26
561,분당포스빌오피스텔,37.340469,127.107805,경기 성남시 분당구 구미동 156,8,26
562,라디언트캐슬,37.756413,127.114982,경기 의정부시 낙양동 746,9,29
563,주공그린빌 507동 앞,37.254456,127.040701,경기 수원시 영통구 매탄동 1282,6,21
564,고양삼송통합국,37.650878,126.890135,경기 고양시 덕양구 삼송동 143-11,7,21
565,일산2동 주민센터 앞,37.683109,126.779547,경기 고양시 일산동구 중산동 1651,7,29
566,어진프라자 주차장,36.507721,127.262817,세종특별자치시 어진동 551,8,19
567,퇴계원역 1번출구 앞,37.647373,127.14669,경기 남양주시 퇴계원면 퇴계원리 203-3,5,21
568,오크우드프리미어호텔,37.510391,127.058777,서울 강남구 삼성동 159,7,24
569,탄천제2호 공영주차장,37.493992,127.087379,서울 강남구 일원동 4-49,7,20
570,공영일원주차장,37.484592,127.08374,서울 강남구 일원동 716-2,6,26
571,방화동성아파트,37.57954,126.81218,서울 강서구 방화동 817,9,26
572,미사강변도시17단지 1704동,37.565715,127.180343,경기 하남시 망월동 1044,4,26
573,SK주유소 북악점 주차장,37.605473,127.008514,서울 성북구 정릉동 428,4,26
574,티파니빌라,37.559055,126.932922,서울 서대문구 창천동 68-51,10,17
575,광명시범공단 주차장,37.456505,126.885414,경기 광명시 하안동 201,5,18
576,홈플러스 일산점 옆(고일프라자),37.659439,126.76959,경기 고양시 일산동구 장항동 769,5,19
577,영보빌딩 공영주차장,37.563465,126.852669,서울 강서구 가양동 1480-10,6,25
578,풍산빌딩,37.561123,126.96283,서울 서대문구 충정로3가 470,10,29
579,은행중학교 옆,37.458656,127.169601,경기 성남시 중원구 은행동 550,4,20
580,교우회관 주차장,37.591625,127.035942,서울 성북구 종암동 29-26,7,23
581,블루밍하우스,37.500793,127.038963,서울 강남구 역삼동 718-11,6,16
582,광교푸르지오 월드마크,37.291456,127.049244,경기 수원시 영통구 이의동 1331,8,29
583,마곡엠밸리 8단지아파트,37.563412,126.820137,서울 강서구 마곡동 741,5,18
584,율전초등학교 옆(늘푸른벽산APT),37.299098,126.966896,경기 수원시 장안구 율전동 322,8,23
585,정릉동(건스빌),37.613018,127.008469,서울 성북구 정릉동 252-166,10,25
586,강서우체국 앞(마곡오드카운티2차),37.564545,126.839684,서울 강서구 마곡동 784-9,4,22
587,구리 중앙예식장앞교차로,37.600048,127.136314,경기 구리시 수택동 370-17,9,26
588,청원레이크빌,37.659433,126.767513,경기 고양시 일산동구 장항동 753,9,16
589,메이필드호텔 주차장,37.546873,126.818445,서울 강서구 외발산동 426,4,16
590,신촌가이아 오피스텔(기계식주차장),37.557996,126.943261,서울 서대문구 대현동 27-20,5,16
591,전농신성미소지움아파트,37.578224,127.048759,서울 동대문구 전농동 687,6,15
592,가리대사거리,37.447628,126.882278,경기 광명시 소하동 1342-5,4,20
593,우성트램타워,37.472627,127.143054,경기 성남시 수정구 창곡동 509-2,4,19
594,의정부 제일시장,37.739151,127.050446,경기 의정부시 의정부동 160,8,26
595,원흥역 2번출구,37.649487,126.873822,경기 고양시 덕양구 원흥동 628,7,17
596,일산경찰서사거리,37.663581,126.768347,경기 고양시 일산동구 장항동 734,9,21
597,북아현 나대지주차장,37.564515,126.955485,서울 서대문구 북아현동 1-424,9,16
598,발곡역 2번출구(이마트에브리데이),37.726292,127.053886,경기 의정부시 장암동 20-14,5,25
599,신촌 명물길,37.557819,126.938545,서울 서대문구 창천동 13-12,9,26
600,서남대학교 명지병원,37.6422,126.831734,경기 고양시 덕양구 화정동 697-24,4,18
601,루미에르,37.370898,126.957314,경기 안양시 동안구 호계동 959-20,5,26
602,힐스테이트에코동익 오피스텔 103동,37.559856,126.828758,서울 강서구 마곡동 773-3,5,24
603,수원곡반정현대아이파크,37.236534,127.02787,경기 수원시 권선구 곡반정동 578,8,25
604,미사강변도시19단지 1904동,37.561516,127.186207,경기 하남시 망월동 1062,4,23
605,SH공공원룸주택 씨드하우스3,37.581863,126.916046,서울 서대문구 북가좌동 3-128,6,16
606,삼선동 코오롱아파트,37.590126,127.012642,서울 성북구 삼선동4가 73,9,23
607,도덕초등학교 옆,37.482742,126.867912,경기 광명시 철산동 235,9,15
608,고양동사거리,37.708923,126.902969,경기 고양시 덕양구 고양동 721,8,30
609,하안5단지고층주공아파트 506동,37.466002,126.863952,경기 광명시 하안동 702,7,22
610,"철산한신1단지 108동 3,4라인 앞",37.472496,126.876297,경기 광명시 철산동 367,5,30
611,숲속마을 405동 뒤,37.66973,126.801584,경기 고양시 일산동구 풍동 1265,7,26
612,일산역 1번출구 코레일네트웍스,37.681511,126.770081,경기 고양시 일산서구 일산동 1410,10,23
613,거성아우룸팰리스,37.40636,126.972934,경기 안양시 동안구 관양동 1722,6,25
614,전자랜드 의정부점 주차장,37.728275,127.048767,경기 의정부시 호원동 415,7,26
615,청솔아파트 교차로,37.74661,127.031091,경기 의정부시 가능동 686-3,8,20
616,오토오아시스 인계매탄점 주차장,37.27159,127.03536,경기 수원시 팔달구 인계동 369-2,4,21
617,동양고등학교 옆,37.568207,126.849221,서울 강서구 가양동 1495,4,15
618,연세대학교 신촌캠퍼스 옆,37.566455,126.946291,서울 서대문구 대신동 115,9,27
619,한화 유로메트로 2단지,37.602009,126.726845,경기 김포시 풍무동 775,10,17
620,녹산초등학교 앞,35.149921,128.838898,부산 강서구 지사동 1186,4,15
621,예미지빌딩,37.379171,127.116523,경기 성남시 분당구 수내동 6-5,7,19
622,하나아파트 209동,37.5901,127.137298,경기 구리시 교문동 809-1,10,27
623,SK분당사옥,37.380525,127.116088,경기 성남시 분당구 수내동 9-1,5,18
624,삼성쉐르빌 A동주차장,37.580625,127.07237,서울 동대문구 장안동 92-66,7,20
625,중산마을5단지 506동,37.693108,126.783904,경기 고양시 일산동구 중산동 1575,7,22
626,국민연금공단충정로사옥,37.562157,126.964516,서울 서대문구 충정로3가 463,6,15
627,영통역 아이파크,37.251804,127.077098,경기 수원시 영통구 영통동 1012-1,6,22
628,강남한양수자인아파트 418동,37.475758,127.112002,서울 강남구 자곡동 77,9,23
629,하모니마트 고등점 앞,37.269531,127.003548,경기 수원시 팔달구 매산로2가 26-21,10,24
630,기안중학교 뒤,37.22589,126.974475,경기 화성시 기안동 349,6,27
631,호수그린오피스텔,37.659908,126.76697,경기 고양시 일산동구 장항동 752-1,10,21
632,등촌동두산위브센티움,37.5569,126.860924,서울 강서구 등촌동 631,7,20
633,진접 장현프라자,37.717946,127.181387,경기 남양주시 진접읍 장현리 634-4,8,28
634,현대썬앤빌,37.653313,126.897569,경기 고양시 덕양구 삼송동 289,5,30
635,엔포레프라자,37.652364,127.115326,경기 남양주시 별내동 1082,7,24
636,한화오벨리스크,37.635109,126.833565,경기 고양시 덕양구 화정동 965,8,30
637,백마역 선상주차장,37.65843,126.79399,경기 고양시 일산동구 백석동 92 백마역,4,15
638,동탄행복마을푸르지오 아파트461동,37.210753,127.119979,경기 화성시 영천동 718,9,24
639,삼부르네상스아파트 옆,37.55585,127.204499,경기 하남시 덕풍동 941-4,5,28
640,현대오일뱅크 예당점,37.733707,127.035408,경기 의정부시 의정부동 533-8,7,21
641,비산 삼성 래미안 139동,37.399979,126.93969,경기 안양시 동안구 비산동 455,4,19
642,석우동 동탄풍경채아파트,37.211407,127.078583,경기 화성시 석우동 53,7,19
643,소하휴먼시아 1단지,37.454662,126.884933,경기 광명시 소하동 1284,6,15
644,현대아파트 101동,37.58024,127.036023,서울 동대문구 제기동 892-66,5,24
645,백송초교 옆(덕이동농협),37.698753,126.754272,경기 고양시 일산서구 덕이동 1544,7,21
646,논현아파트,37.514496,127.022647,서울 강남구 논현동 22,10,15
647,신촌푸르지오 2단지,37.560375,126.953117,서울 서대문구 북아현동 1012,8,15
648,염창역 1번출구,37.548286,126.873047,서울 강서구 염창동 281-22,4,22
649,장기초등학교 옆,37.642198,126.661287,경기 김포시 장기동 1635,7,28
650,석수역 2번출구,37.4294,126.902478,경기 안양시 만안구 석수동 415-2,5,29
651,명품수선 옆 건물,37.588924,126.942312,서울 서대문구 홍제동 332-12,9,21
652,로진프라자,37.259563,127.045219,경기 수원시 영통구 매탄동 1266-3,9,26
653,전자랜드 일산점,37.675453,126.750214,경기 고양시 일산서구 대화동 2198-2,7,24
654,단대오거리역 3번출구(롯데캐슬),37.44286,127.157265,경기 성남시 중원구 중앙동 1489,9,27
655,세종포레뷰2차(B3층),36.4902,127.25603,세종특별자치시 나성동 737,6,29
656,양우로데오시티플러스,37.663336,126.764432,경기 고양시 일산동구 장항동 746-1,5,24
657,카림애비뉴 상가전용 주차장,36.513274,127.2597,세종특별자치시 도담동 653,7,24
658,해담하우스 나동,37.584118,126.923347,서울 서대문구 홍은동 345-5,6,16
659,덕소아이파크 111동,37.588492,127.222441,경기 남양주시 와부읍 덕소리 612,6,27
660,미사강변도시28단지 9동,37.559238,127.196465,경기 하남시 망월동 1162,8,22
661,중앙파크타워,37.632707,127.116711,경기 구리시 갈매동 603,5,24
662,가양아파트 310동 우측,37.564149,126.856562,서울 강서구 가양동 1475,8,24
663,하모니타워Ⅰ 주차장,36.505718,127.234414,세종특별자치시 고운동 1723,6,24
664,쌍용아파트 246동 앞,37.263133,127.083531,경기 수원시 영통구 영통동 1052-2,7,28
665,뉴타운아파트 2동,37.401752,126.944839,경기 안양시 동안구 비산동 354-10,5,25
666,판교SK플래닛 주차장,37.402588,127.103569,경기 성남시 분당구 삼평동 623,10,20
667,수원대 앞(봉담아이파크),37.213497,126.971451,경기 화성시 봉담읍 와우리 590,6,15
668,봇들마을6단지아파트 612동,37.400944,127.118954,경기 성남시 분당구 삼평동 728,7,19
669,강남역(4번출구 역삼1동문화센터),37.495399,127.032974,서울 강남구 역삼동 829-20,6,20
670,토평중학교 앞(상록아파트),37.588369,127.145763,경기 구리시 토평동 959,9,18
671,청춘쭈꾸미 옆 건물,37.297337,126.968845,경기 수원시 장안구 율전동 433-99,9,27
672,트윈스빌 주차장,37.260314,127.061787,경기 수원시 영통구 원천동 353-25,6,20
673,그대가프리미어 아파트 105동,37.245151,127.054074,경기 수원시 영통구 망포동 720,5,28
674,성남도촌동 섬마을9단지,37.411598,127.164505,경기 성남시 중원구 도촌동 708,7,16
675,가온마을3단지(319동B1층),36.497663,127.244503,세종특별자치시 다정동 산 18,9,26
676,등촌아이파크아파트 109동,37.544144,126.860786,서울 강서구 등촌동 715,9,25
677,GS파크 삼성점,37.508446,127.064583,서울 강남구 대치동 995-28,9,29
678,대치2동 주민센터 앞,37.50264,127.063988,서울 강남구 대치동 982-10,4,17
679,래미안크레시티아파트 210동,37.575675,127.052928,서울 동대문구 전농동 691,9,23
680,태안병점공영주차장,37.204416,127.03494,경기 화성시 병점동 391-2,10,29
681,동탄파라곤2 주상복합 앞,37.200895,127.072663,경기 화성시 반송동 104-7,6,27
682,학여울역 환승공영주차장,37.497005,127.07254,서울 강남구 대치동 514-1 옆,7,30
683,전농동SK아파트 관리사무소 주차장,37.575905,127.060303,서울 동대문구 전농동 10,8,18
684,북한산 더샵 108동,37.592517,126.942244,서울 서대문구 홍은동 450-5,6,29
685,김포솔터마을3단지,37.641014,126.631111,경기 김포시 마산동 614-10,6,27
686,동탄역 공영주차장(정기권),37.197151,127.096608,경기 화성시 오산동 968-5,5,30
687,선정릉역 1번출구,37.513452,127.041873,서울 강남구 논현동 267,4,28
688,일산역 2번출구 코레일네트웍스,37.682819,126.768982,경기 고양시 일산서구 일산동 655-628,9,29
689,정릉 힐스테이트1차 203동 앞,37.600619,127.017552,서울 성북구 정릉동 1030,8,25
690,무지개마을주공12단지 1208~1209동 앞,37.335395,127.118659,경기 성남시 분당구 구미동 212,9,17
691,아산재단빌딩 MARU180,37.495419,127.038849,서울 강남구 역삼동 790-6,10,24
692,호원LH행복주택,37.727866,127.047817,경기 의정부시 호원동414,8,19
693,동탄반달마을2단지,37.234768,127.064407,경기 화성시 반월동 883,6,19
694,대방디엠시티 오피스텔,37.568114,126.840172,서울 강서구 마곡동 776-2,10,26
695,롯데슈퍼 남양주마석점,37.658352,127.305733,경기 남양주시 화도읍 마석우리 410-1,10,27
696,서울 아현역 1번출구[V],37.558116,126.955615,서울 서대문구 북아현동 136-21,6,17
697,미사강변브라운스톤 2405동,37.559462,127.1923,경기 하남시 풍산동 559,10,26
698,김포안강럭스나인 오피스텔,37.644377,126.621973,경기 김포시 구래동 6881-3,5,22
699,영통아이파크 옆,37.266156,127.072153,경기 수원시 영통구 영통동 3-6,5,16
700,골든타임,37.653486,126.684818,경기 김포시 운양동 1307-3,9,27
701,가양역 2번출구,37.562325,126.853767,서울 강서구 가양동 14-3,7,28
702,컨벤션센터 호수 제2주차장,36.50035,127.269012,세종특별자치시 어진동 621,10,16
703,세종한신휴플러스아파트 1102동 주차장,36.504332,127.25087,세종특별자치시 종촌동 654,7,19
704,청정아파트(103동),36.529708,127.350271,세종특별자치시 연동면 명학리 291,8,24
705,삼성아파트 101동 앞,37.41344,126.915693,경기 안양시 만안구 안양동 32-1,10,22
706,샬롬아트빌,37.298872,126.973882,경기 수원시 장안구 율전동 265-21,9,27
707,정든마을한진8단지아파트 804동 뒷편,37.360821,127.117624,경기 성남시 분당구 정자동 193,9,18
708,목련마을대원빌라 103동,37.408133,127.145131,경기 성남시 분당구 야탑동 173,4,26
709,한강호반베르디움 아파트 504동 앞,37.645138,126.66039,경기 김포시 장기동 1885-6,5,30
710,"부영그린타운 4,5단지 512동",37.612419,127.160544,경기 남양주시 도농동 2-1,8,15
711,미래어린이공원 옆,37.372042,127.136058,경기 성남시 분당구 서현동 308,8,25
712,광명역 5번출구 앞,37.418792,126.889486,경기 안양시 만안구 석수동 859-7,10,26
713,영통행복주택(따복하우스),37.23405,127.047868,경기 수원시 영통구 망포동 668-10,9,17
714,미사강변 8단지 뒤,37.570059,127.185584,경기 하남시 망월동 963,6,16
715,하품하우스 2호점,37.50209,127.02914,서울 강남구 역삼동 621-31,7,19
716,권선삼성아파트,37.253093,127.023382,경기 수원시 권선구 권선동 1185-1,6,25
717,렉스타운 주차타워,37.398163,126.932323,경기 안양시 동안구 비산동 557-8,9,28
718,한강타워 주차장,37.569155,127.194682,경기 하남시 망월동 927,6,23
719,미사 푸르지오시티 A동,37.565757,127.191001,경기 하남시 망월동 1093-1 미사 푸르지오시티 A동,9,20
720,강변코아루 아파트,37.553458,126.873239,서울 강서구 염창동 303,9,27
721,수서제이스프라자,37.484122,127.094507,서울 강남구 수서동 595,6,18
722,진접고등학교 앞,37.713743,127.190189,경기 남양주시 진접읍 금곡리 1080,8,25
723,산들마을아파트 203동,37.418684,127.137487,경기 성남시 중원구 여수동 602,8,18
724,비원오피스텔 주차타워 주차장,37.55155,126.86513,서울 강서구 등촌동 648-6,9,18
725,강신초등학교 옆(화곡푸르지오 아파트),37.542521,126.831793,서울 강서구 화곡동 1091,7,30
726,주공아파트(205동 앞),36.593894,127.289622,세종특별자치시 조치원읍 신흥리 393,4,19
727,우성르보아시티오피스텔,37.203211,127.097942,경기 화성시 오산동 967-3,10,15
728,별내유료주차장,37.650132,127.113574,경기 남양주시 별내동 1095,7,27
729,신안실크밸리1차아파트 109동,37.619432,126.699925,경기 김포시 감정동 686,9,17
730,홍제비콘드림힐아파트 주차장,37.590509,126.949201,서울 서대문구 홍제동 468,10,15
731,도곡역 4번출구(볼트EV 부름스테이션),37.489113,127.053179,서울 강남구 도곡동 467-13 군인공제회관,6,15
732,풍년마을2단지영풍아파트 222동 주차장,37.624508,126.722034,경기 김포시 북변동 832,4,20
733,수서역 6번출구(애란궁),37.484611,127.097566,서울 강남구 수서동 490-17,4,25
734,풍무중학교 옆,37.600102,126.728109,경기 김포시 풍무동 759,9,20
735,힐스테이트 녹양,37.754849,127.041266,경기 의정부시 가능동 52-1,7,21
736,덕소 두산위브아파트 107동,37.579741,127.21451,경기 남양주시 와부읍 도곡리 986-1,4,21
737,신한헤센스마트 B동 앞,37.691561,126.761755,경기 고양시 일산서구 탄현동 1559-1,8,16
738,센트럴하이츠아파트 306동,37.242953,127.060124,경기 수원시 영통구 망포동 718,5,23
739,LG아파트 161동 뒤편,37.288843,126.98063,경기 수원시 팔달구 화서동 713,4,26
740,동의보감타워,37.578033,127.037671,서울 동대문구 용두동 787,10,20
741,은여울중학교 옆,37.63721,126.640894,경기 김포시 마산동 672-6,9,25
742,안암래미안아파트 P1(112동),37.589397,127.023692,서울 성북구 안암동1가 361,7,29
743,화곡3-1 공영주차장,37.541691,126.83474,서울 강서구 화곡동 1045,6,23
744,삼성래미안 아파트 101동,37.401152,126.924629,경기 안양시 만안구 안양동 90-1 삼성래미안아파트,5,24
745,해솔하우스주차장,37.2592,127.017073,경기 수원시 권선구 세류동 856-2,4,15
746,의정부2동우체국 옆,37.738444,127.03837,경기 의정부시 의정부동 486-13,10,22
747,세방글로벌시티,37.395168,126.961084,경기 안양시 동안구 관양동 1595 세방글로벌시티,5,19
748,샤크존 주차빌딩,37.392765,126.953423,경기 안양시 동안구 비산동 1110-1 샤크존,10,21
749,일성트루엘 103동,37.736097,127.035793,경기 의정부시 의정부동 527,6,28
750,강남LH3단지,37.470478,127.090958,서울 강남구 자곡동 621,5,22
751,호매실휴먼시아8단지 803동 주차장,37.272324,126.947461,경기 수원시 권선구 금곡동 1095 수원호매실휴먼시아 803동지상주차장,6,16
752,청구3차아파트 302동,37.580489,126.952921,서울 서대문구 홍제동 462,9,24
753,천천동현대아파트 305동 뒤편(303동과 305동 사이),37.302516,126.979579,경기 수원시 장안구 천천동 566 현대아파트 305동 지하1층 주차장,4,26
754,원당시장,37.657097,126.837051,경기 고양시 덕양구 성사동 696 삼성홈타워오피스텔,9,27
755,전농1동 주민센터 옆,37.576941,127.049825,서울 동대문구 전농동 695,8,28
756,권선보성유원아파트 610동 주차장,37.249806,127.027631,경기 수원시 권선구 권선동 1265 보성유원아파트 610동주차장,10,28
757,힐스테이트에코마곡나루역오피스텔,37.568113,126.826533,서울 강서구 마곡동 760-1 힐스테이트에코마곡나루역라마다앙코르서울,9,19
758,성결대학교 공과대학 앞 주차장,37.380102,126.929144,경기 안양시 만안구 안양동 400-10 성결대학교,5,28
759,충정리시온,37.560288,126.964841,서울 서대문구 충정로3가 465,4,25
760,디스퀘어큐브,37.396461,126.930421,경기 안양시 만안구 안양동 154-5,5,26
761,가능역 A 코레일 주차장,37.749414,127.044006,경기 의정부시 가능동 205-23,8,28
762,테마모텔 주차장,37.484188,126.856204,경기 광명시 광명동 56-2,10,27
763,한강힐스테이트 511동 주차장,37.639997,126.634445,경기 김포시 마산동 636-1,6,28
764,신호사랑으로부영1차아파트 106동,35.088293,128.873671,부산 강서구 신호동 296-1,7,29
765,상록블루하우스,37.276097,127.040888,경기 수원시 팔달구 우만동 92-1 블루하우스 지하2층,6,29
766,한서주차장,37.254998,127.011799,경기 수원시 권선구 세류동 1023-4,6,23
767,탑프라자,37.557418,127.188089,경기 하남시 풍산동 504,7,22
768,래미안아름숲아파트 108동 주차장,37.581083,127.061415,서울 동대문구 전농동 688,10,16
769,코엑스 옥상주차장(서문 GATE),37.510815,127.059713,서울 강남구 삼성동 159,5,20
770,신동아노블타워,37.675305,126.750605,경기 고양시 일산서구 대화동 2199,10,28
771,원흥역 6번출구,37.650865,126.87318,경기 고양시 덕양구 원흥동 142-5,9,21
772,관산동(더퍼스트프라임),37.687798,126.865977,경기 고양시 덕양구 관산동 1015 더퍼스트프라임,4,17
773,별내 메가박스 뒤,37.655843,127.125835,경기 남양주시 별내동 935,7,15
774,정릉풍림아이원아파트 113동,37.618728,127.007691,서울 성북구 정릉동 239,6,25
775,서린바이오,37.21358,127.092235,경기 화성시 영천동 204-1,6,27
776,정자역 4번출구(인텔리지2),37.366583,127.105393,경기 성남시 분당구 정자동 24,9,16
777,권선구청 주차장,37.257007,126.971717,경기 수원시 권선구 탑동 900 권선구청,8,16
778,광진아트빌11차 101동 주차장,37.569333,127.0678,서울 동대문구 장안동 392-7,5,21
779,역삼중학교 옆(역삼푸르지오아파트),37.49762,127.046569,서울 강남구 역삼동 754-1,4,25
780,더함파크주차장,37.27428,126.983233,경기 수원시 권선구 서둔동 225-1,8,27
781,탑마을동아아파트,37.408331,127.129437,경기 성남시 분당구 야탑동 512,10,17
782,연희동 더연희힐오피스텔,37.564658,126.928205,서울 서대문구 연희동 218-11,8,17
783,화성빌라(나동) 주차장,37.580816,126.933395,서울 서대문구 홍은동 268-26 화성빌라(나),4,15
784,퇴계원 제2공영주차장,37.651014,127.142922,경기 남양주시 퇴계원면 퇴계원리 257-6,6,20
785,선일주차장,37.257983,127.041498,경기 수원시 영통구 매탄동 1271-4,9,15
786,금오아쿠아월드 주차장,37.750195,127.071559,경기 의정부시 신곡동 763-1,9,30
787,새뜸마을14단지 1402동 주차장,36.489837,127.255472,세종특별자치시 새롬동 137,10,25
788,AJ파크 의정부 센트럴타워,37.738066,127.044092,경기 의정부시 의정부동 494 센트럴타워,6,15
789,교동공영주차장,37.273218,127.015297,경기 수원시 팔달구 교동 98,6,29
790,에이스광교타워 3차 주차장,37.296101,127.041035,경기 수원시 영통구 이의동 1286 에이스광교타워3,10,25
791,논현1호주차장,37.510723,127.024422,서울 강남구 논현동 123-11,5,21
792,돈암동일하이빌 입주자전용주차장,37.591511,127.014908,서울 성북구 동소문동5가 120,10,15
793,의정부1동 공영주차장,37.748078,127.048646,경기 의정부시 의정부동 216-42,9,18
794,도농역 코레일 주차장,37.608126,127.161185,경기 남양주시 다산동 4090-6,10,21
795,유현초등학교 옆,37.597736,126.722093,경기 김포시 풍무동 583-6,5,25
796,키즈맘센터 주차장,37.401973,126.952945,경기 안양시 동안구 비산동 1059 비산동 키즈맘센터,6,27
797,판교역 웰츠타워(B동),37.397516,127.112413,경기 성남시 분당구 삼폄동 657,4,15
798,로얄클래스 주차장,37.197807,127.097172,경기 화성시 오산동 968-3,5,28
799,김포시보건소 옆,37.624582,126.725173,경기 김포시 사우동 857,4,17
800,석수2동 주민센터 주차장,37.414111,126.909361,경기 안양시 만안구 석수동 279-1 석수2동주민센터,4,25
801,하남 퀸즈파크미사 1차,37.562598,127.194484,경기 하남시 망월동 1132 퀸즈파크미사 1차 지하3층,8,23
802,강동주차장 주차타워,37.57605,127.038849,서울 동대문구 용두동 27-4,6,30
803,도래울초등학교 앞,37.630353,126.869944,경기 고양시 덕양구 도내동 1025,6,22
804,양수역 1번출구 앞,37.544493,127.32863,경기 양평군 양서면 용담리 253-2,4,18
805,안양시청 앞,37.392345,126.956697,경기 안양시 동안구 관양동 1591 평촌아크로타워,10,19
806,지에프주차장,37.607616,127.134436,경기 구리시 인창동 523-5,6,27
807,가재4단지 412동 주차장,36.506851,127.243189,세종특별자치시 종촌동 640,6,20
808,장한평역 3번출구,37.562444,127.067152,서울 동대문구 장안동 462,6,22
809,이마트수원점 야외주차장,37.250725,127.022374,경기 수원시 권선구 권선동 1189,7,24
810,파크빌 1동 주차장,37.576757,126.818255,서울 강서구 방화동 136-10 파크빌,9,16
811,대한 주방중고설비도매 옆 2821번지 빌라,37.436485,127.146429,경기 성남시 중원구 성남동 2821,5,30
812,논현역 8번출구(네오빌),37.512773,127.024468,서울 강남구 논현동 55-12,6,27
813,선재빌딩 주차장,37.550116,126.835448,서울 강서구 내발산동 718-13 선재빌딩,10,17
814,꿈의숲푸르지오아파트 101동,37.610018,127.039027,서울 성북구 하월곡동 228,5,22
815,이마트수원점 주차타워,37.250852,127.021494,경기 수원시 권선구 권선동 1189,4,26
816,와사비,37.631438,127.138318,경기 구리시 사노동 204-27,4,30
817,3번출구 앞 환승주차장,37.652565,126.842768,경기 고양시 덕양구 성사동 337-33,10,27
818,발산파크프라자,37.559187,126.836553,서울 강서구 마곡동 797-4 발산파크프라자,5,25
819,의정부지방법원 옆,37.754444,127.032426,경기 의정부시 가능동 362-20,6,24
820,발산파크프라자,37.559235,126.83666,서울 강서구 마곡동 797-4 발산파크프라자,10,30
821,목화빌딩,37.433693,127.131416,경기 성남시 중원구 성남동 3182,7,26
822,청담역 7번출구(삼성힐스테이트1단지),37.515993,127.048837,서울 강남구 삼성동 16-2,4,19
823,이마트동탄점 옥외주차장,37.213891,127.079554,경기 화성시 석우동 44 화성 동탄 이마트,8,24
824,논현빌라(수인빌라트 뒤편),37.510584,127.038535,서울 강남구 논현동 274-7,7,19
825,화도 제2공영주차장,37.653241,127.301761,경기 남양주시 화도읍 마석우리 338-1,6,23
826,전농주차장,37.579712,127.054436,서울 동대문구 전농동 206-113,9,26
827,별내 팜스원마트,37.6656,127.116276,경기 남양주시 별내동 845,4,18
828,백궁지엔느 주차장,37.370575,127.105423,경기 성남시 분당구 정자동 12-1,10,23
829,THE BAY,37.570358,126.934222,서울 서대문구 연희동 87-5,4,22
830,이문e편한세상 111동 주차장,37.605028,127.065673,서울 동대문구 이문동 225,6,30
831,지엠지타워,37.560566,126.828791,서울 강서구 마곡동 773-2 마곡지엠지타워,9,25
832,정릉동 스카이파크 빌라,37.599398,127.004627,서울 성북구 정릉동 508-55,6,27
833,AJ파크 다산퍼스트타워점,37.622994,127.152526,경기 남양주시 다산동 6087-3,6,24
834,위례푸른초등학교 옆,37.469511,127.14785,경기 성남시 수정구 창곡동 522,10,22
835,그라테아Ⅱ 오피스텔,37.395246,126.961919,경기 안양시 동안구 관양동 1596 평촌그라테아Ⅱ,4,27
836,양지주차장,37.457333,127.163155,경기 성남시 수정구 양지동 535,4,26
837,캘리포니아호텔 강남,37.506491,127.032363,서울 강남구 역삼동 605-6,5,30
838,한일아파트 옆 공영주차장,37.73094,127.056805,경기 의정부시 신곡동 720-1,8,18
839,에스빌딩 주차장,36.486717,127.257186,세종특별자치시 나성동 745,10,25
840,신곡2동 공영주차장,37.743604,127.057213,경기 의정부시 신곡동 680-10,6,29
841,평내호평역 코레일주차장,37.653287,127.245115,경기 남양주시 평내동 660,8,24
842,은빛마을6단지 606동 앞,37.637766,126.829827,경기 고양시 덕양구 화정동 936,4,29
843,국민건강보험공단 구리지사 앞,37.63204,127.117257,경기 구리시 갈매동 604-3,6,23
844,화전역 코레일주차장,37.60371,126.868019,경기 고양시 덕양구 화전동 183-10,5,22
845,마곡엠밸리7단지아파트 주차장,37.564983,126.82411,서울 강서구 마곡동 743-4 마곡엠밸리7단지,4,22
846,헤븐리원주차타워,37.200544,127.11372,경기 화성시 청계동 534-1,4,29
847,삼영주차장,37.54393,126.843872,서울 강서구 화곡동 110-65,9,30
848,제일주차장,37.559875,126.813065,서울 강서구 공항동 36-12,8,17
849,서울 돌곶이역[V],37.610798,127.058172,서울 성북구 석관동 245-4,9,19
850,유라클빌딩,37.512742,127.064916,서울 강남구 삼성동 166,6,18
851,학운초등학교 옆(메카존),37.616675,126.621533,경기 김포시 양촌읍 학운리 2979,9,26
852,마곡역 7번출구,37.556815,126.825911,서울 강서구 마곡동 750 마곡엠밸리14단지,9,30
853,에코타운3단지아파트 305동 지상주차장,37.542845,127.215542,경기 하남시 신장동 560,6,25
854,한화오벨리스크 주차장,37.473192,127.14131,경기 성남시 수정구 창곡동 505 위례 한화 오벨리스크 센트럴스퀘어,6,15
855,코엑스 옥상주차장(서문 GATE),37.51101,127.059432,서울 강남구 삼성동 159,5,25
856,까사리움오피스텔 주차장,36.515656,127.258495,세종특별자치시 도담동 656,8,15
857,종점프라자 주차타워,37.720877,127.202363,경기 남양주시 진접읍 금곡리 1022,6,23
858,지금 제2공영주차장,37.604704,127.158098,경기 남양주시 다산동 665,5,23
859,웰츠타워 A동 주차장,37.398026,127.112398,경기 성남시 분당구 삼폄동 658,9,22
860,뱅크빌딩 주차장,36.495447,127.257153,세종특별자치시 어진동 686,5,15
861,세종타운 지하주차장,37.273812,126.953325,경기 수원시 권선구 금곡동 1118-1 세종타운721,7,30
862,SK주유소 한신셀프점,37.27695,127.030138,경기 수원시 팔달구 인계동 952-19,4,17
863,햇빛마을 23단지 아파트 2319동 앞,37.621836,126.8396,경기 고양시 덕양구 행신동 953,9,24
864,한라밀라트 B동,37.661963,126.765918,경기 고양시 일산동구 장항동 742-1,7,15
865,패스트파이브 라이프온투게더,37.509276,127.041614,서울 강남구 역삼동 681-35,10,17
866,나이스파킹 주차장,37.711568,127.047003,경기 의정부시 호원동 50-5,9,25
867,선정릉역 3번출구(미스터홈즈 선정릉점),37.510149,127.044385,서울 강남구 삼성동 112-1 씨티라이프 61,5,20
868,진접 제3공영주차장,37.726325,127.193536,경기 남양주시 진접읍 장현리 710-2 진접 제3공영주차장,7,20
869,명지대학교 주차장,37.579956,126.923934,서울 서대문구 남가좌동 50-3,7,25
870,와우플레이스,37.213111,126.980617,경기 화성시 봉담읍 와우리 42-6,8,21
871,화곡 본-1 공영주차장,37.539686,126.849738,서울 강서구 화곡동 56-127 화곡본1지구공영주차장,5,21
872,충정로역 10번출구,37.559883,126.963324,서울 서대문구 충정로3가 368,10,18
873,파크존 방화점,37.567097,126.812861,서울 강서구 방화동 249-28,9,25
874,이케아 고양점,37.629789,126.862958,경기 고양시 덕양구 도내동 1003 이케아 고양점,4,17
875,이레21빌딩,37.659569,126.770493,경기 고양시 일산동구 장항동 770-2 이레21빌딩,9,22
876,흥선역 공영주차장(라과디아체육공원),37.743044,127.039731,경기 의정부시 의정부동 333-1,10,23
877,민락2지구(환승) 공영주차장,37.752185,127.100763,경기 의정부시 낙양동 717,7,27
878,이케아 광명점,37.424597,126.881985,경기 광명시 일직동 500,4,21
879,등촌역 7번출구(스탠다드호텔),37.550928,126.86353,서울 강서구 등촌동 505-7 스탠다드호텔,10,15
880,롯데프라자 스포츠센터,37.40163,126.9132,경기 안양시 만안구 안양동 900-10 안양월드,4,20
881,온누리타워 주차장,36.486471,127.250199,세종특별자치시 새롬동 산 25,8,21
882,강남센터뷰,37.474391,127.107085,서울 강남구 자곡동 56-119 강남센터뷰,4,17
883,AJ파크 메트로큐브 주차장,37.396519,127.110695,경기 성남시 분당구 삼평동 647,10,28
884,밀리오레신촌점 주차장,37.559888,126.942374,서울 서대문구 신촌동 74-12,5,26
885,한라비발디파크,37.260448,127.029232,경기 수원시 권선구 권선동 1013-4 한라비발디파크,4,29
886,우인아크리움빌1,37.664955,126.766939,경기 고양시 일산동구 장항동 730 우인아크리움빌I,4,25
887,골든스퀘어 지상 4층 주차장,37.654162,126.684067,경기 김포시 운양동 1298-1,8,25
888,이마트 성남점,37.443966,127.141322,경기 성남시 수정구 태평동 7336,10,23
889,엔케이리움힐오피스텔,37.645196,126.623049,경기 김포시 구래동 6879-6,10,26
890,AJ미사주차타워,37.568398,127.186105,경기 하남시 망월동 978,7,26
891,제기동역 3번출구(용두포스빌),37.577815,127.036945,서울 동대문구 용두동 788,5,30
892,역삼장미공원 옆(피아트빌딩),37.495056,127.044182,서울 강남구 역삼동 780-30,8,22
893,URG빌딩,37.466398,127.100161,서울 강남구 세곡동 613,10,20
894,메세포스빌 주차장,37.398739,126.920792,경기 안양시 만안구 안양동 676-91 안양 메쎄 포스빌,8,16
895,철산리버빌주공아파트 옆 공영주차장,37.493929,126.868693,경기 광명시 철산동 9-159,10,29
896,아브뉴프랑 광명점 주차장,37.417149,126.881392,경기 광명시 일직동 513,6,28
897,한양디지텍 주차장,37.231624,127.068368,경기 화성시 반월동 103,7,22
898,스피드메이트 장위점,37.609438,127.053626,서울 성북구 장위동 65-239,8,16
899,동문굿모닝힐 오피스텔 201동,37.639198,126.788418,경기 고양시 일산동구 백석동 1322 동문굿모닝힐II 201동,7,28
900,신흥역롯데시네마타워,37.441226,127.146475,경기 성남시 수정구 신흥동 4124,5,27
901,남리1 공영주차장,36.594864,127.299554,세종특별자치시 조치원읍 남리 433,4,15
902,평동상룡주차장,37.262268,126.998265,경기 수원시 권선구 평동 144-1,6,21
903,고양 정발산역 2번출구[부름전용],37.659703,126.771139,경기 고양시 일산동구 장항동 771-1 우림로데오스위트,8,29
904,광명동굴 제3공영주차장,37.432189,126.877968,경기 광명시 소하동 1069-1,9,16
905,우성렌트카 주차장,37.366402,126.957435,경기 안양시 동안구 호계동 975-1,8,17
906,신기초등학교 옆,37.382908,126.959045,경기 안양시 동안구 호계동 1064,8,18
907,용문농협하나로마트 주차장,37.485113,127.593453,경기 양평군 용문면 다문리 722,4,16
908,MJ스톤타워오피스텔,37.268967,127.002745,경기 수원시 팔달구 매산로1가 20-1,7,24
909,광교장안프라임2차오피스텔,37.300866,127.042522,경기 수원시 영통구 이의동 1255-1 광교 장안프라임 오피스텔,6,16
910,관악역 1번출구(제2주차장),37.418646,126.908535,경기 안양시 만안구 석수동 262-14,8,24
911,MS프라자 주차장,37.378132,127.112235,경기 성남시 분당구 수내동 21-1,6,24
912,다산마을6단지아파트 601동 앞 주차장,36.50949,127.260595,세종특별자치시 도담동 851,5,26
913,안양미래앰피아파트 주차장,37.404206,126.919896,경기 안양시 만안구 안양동 815-13 안양 미래앰피아,5,26
914,원풍빌딩 주차장,37.551302,126.848728,서울 강서구 화곡동 998-9 원풍빌딩,7,29
915,새한주차장,37.55257,126.852184,서울 강서구 화곡동 1120-13,7,25
916,e편한세상 삼송 2차 204동,37.649189,126.895506,경기 고양시 덕양구 동산동 368-2,6,19
917,이마트 화성봉담점 매장동주차장,37.222163,126.972535,경기 화성시 봉담읍 동화리 133-1 이마트,9,27
918,AJ파크 명지국제타워점,35.098427,128.920502,부산 강서구 명지동 3358-1,8,21
919,보문동 도전숙,37.580134,127.020008,서울 성북구 보문동6가 160,9,30
920,연희프라자,37.567387,126.930829,서울 서대문구 연희동 137-6,8,27
921,능골공원 앞,37.370635,127.114996,경기 성남시 분당구 정자동 54-1 정자프라자,6,18
922,동명빌라 2동 지상주차장,37.435593,127.127395,경기 성남시 수정구 수진동 4781,5,17
923,범계역(뉴코아아울렛),37.389156,126.951028,경기 안양시 동안구 호계동 1039-3,5,21
924,낙원중학교 옆,37.39965,127.096015,경기 성남시 분당구 판교동 511-6,8,17
925,조원샤르망 지하3층,37.295035,127.010031,경기 수원시 장안구 조원동 675-4 조원샤르망,7,24
926,대신빌딩 주차장,37.547223,126.874537,서울 강서구 염창동 282-23 대신빌딩,7,18
927,해오름초등학교(동편마을),37.408407,126.972822,경기 안양시 동안구 관양동 1709,7,30
928,하남 트윈렉스2 ,37.552093,127.208637,경기 하남시 덕풍동 742 트윈렉스2 오피스텔 지하4층,8,18
929,no_name,37.559402,126.855408,서울 강서구 등촌동 628-7,9,21
930,no_name,37.623074,126.711543,경기 김포시 북변동 418-3 유진빌딩,8,19
931,현대인텔렉스,37.511787,127.036333,서울 강남구 논현동 261,7,16
932,한화유로 메트로 1단지,37.602306,126.722608,경기 김포시 풍무동 770,6,18
933,no_name,37.432839,127.12793,경기 성남시 중원구 성남동 4949,6,15
934,학동포스트빌,37.513991,127.032464,서울 강남구 논현동 208-5,6,27
935,미사 에코타워 주차장,37.563182,127.195281,경기 하남시 망월동 1129-4,4,27
936,한티역 8번출구(볼트EV 부름스테이션),37.497512,127.051576,서울 강남구 역삼동 756-19,9,29
937,우성프라자 주차장,37.377815,127.133064,경기 성남시 분당구 서현동 95,10,15
938,no_name,37.501787,127.027819,서울 강남구 역삼동 621,9,22
939,대승주차장,37.391964,127.078626,경기 성남시 분당구 운중동 966,5,21
940,이마트 화정점,37.632652,126.83352,경기 고양시 덕양구 화정동 976 이마트,8,27
941,뉴코아아울렛 모란점,37.431432,127.129748,경기 성남시 중원구 성남동 3499,5,22
942,민락동 주차장,37.74694,127.097945,경기 의정부시 민락동 825,9,22
943,별내 메트로망 주차장,37.645903,127.126678,경기 남양주시 별내동 1007-3,6,26
944,삼희 포시즌 프라자,37.659943,126.770121,경기 고양시 일산동구 장항동 770 삼희포시즌프라자,8,18
945,이마트에브리데이 위시티점,37.676011,126.808367,경기 고양시 일산동구 식사동 662-25,10,23
946,no_name,37.678845,126.764355,경기 고양시 일산서구 일산동 1060 뉴시티프라자,5,16
947,no_name,37.417429,127.127041,경기 성남시 중원구 여수동 205,6,29
948,no_name,37.643258,126.625574,경기 김포시 구래동 6884-8,8,29
949,DMC리슈빌 더포레스트 116동,37.593047,126.888944,경기 고양시 덕양구 향동동 570 DMC리슈빌 더포레스트,6,28
950,세일주차장,37.508968,127.065795,서울 강남구 대치동 996-6,4,15
951,곡반정동 제2공영주차장,37.239575,127.030553,경기 수원시 권선구 곡반정동 553,9,22
952,동서울대학교 주차장,37.459475,127.127157,경기 성남시 수정구 복정동 423-8,8,25
953,AJ파크 케이탑리츠 화정빌딩점,37.633617,126.831133,경기 고양시 덕양구 화정동 970-2,4,26
954,후곡마을10단지아파트 1009동,37.680036,126.771031,경기 고양시 일산서구 일산동 1074 후곡마을10단지아파트,7,27
955,시그마3 오피스텔 주차장,37.413336,127.129954,경기 성남시 분당구 야탑동 360-1,10,19
956,현대백화점 주차장,37.391996,127.111741,경기 성남시 분당구 백현동 541,9,29
957,롯데마트 김포한강점,37.640184,126.676784,경기 김포시 장기동 2031,4,27
958,한신한진아파트 209동 앞,37.596336,127.012063,서울 성북구 돈암동 609-1,6,18
959,고양동 제2공영주차장,37.710174,126.905279,경기 고양시 덕양구 고양동 688,10,23
960,임시공영주차장,37.709549,126.853173,경기 고양시 덕양구 내유동 산 152-3,8,15
961,롯데마트 영통점,37.252605,127.071538,경기 수원시 영통구 영통동 960-1,9,23
962,한라밀라트 A동,37.662232,126.766347,경기 고양시 일산동구 장항동 742 한라밀라트,5,27
963,엔터식스 주차장,37.40213,126.922219,경기 안양시 만안구 안양동 88-1,9,26
964,롯데마트 구리점 별관주차장,37.61289,127.140061,경기 구리시 인창동 430 구리유통종합상가,4,15
965,no_name,37.710148,126.904,경기 고양시 덕양구 고양동 1132-20,10,26
966,롯데백화점 청량리점 주차장,37.581299,127.049065,서울 동대문구 전농동 591-53,6,23
967,서정마을 제1공영주차장,37.618906,126.84528,경기 고양시 덕양구 행신동 1080-6,5,29
968,롯데백화점 청량리점 주차장,37.581103,127.04953,서울 동대문구 전농동 591-53,7,29
969,no_name,37.563651,127.189824,경기 하남시 망월동 593-6,8,27
970,대치2동문화센터,37.502126,127.064129,서울 강남구 대치동 980-9 대치2동주민센터,7,19
971,JS호텔주차장(서머셋센트럴),37.386454,127.121354,경기 성남시 분당구 서현동 261-1,7,21
972,첼시하우스 주차장,37.55017,126.852716,서울 강서구 화곡동 956-28 첼시하우스,8,22
973,no_name,37.609335,127.029561,서울 성북구 길음동 22-1,4,15
974,코리아타운 앞 주차장,37.727194,126.848452,경기 고양시 덕양구 내유동 627-31,10,25
975,광명시청,37.478279,126.864349,경기 광명시 철산동 222-1,5,15
976,광명시민체육관 부설주차장,37.462722,126.872063,경기 광명시 하안동 577,8,27
977,서울시립대학교 100주년기념관,37.584663,127.05589,서울 동대문구 휘경동 370,7,27
978,평내신명스카이뷰 1808동 뒷편,37.644943,127.239048,경기 남양주시 평내동 601,10,18
979,다솜빌 주차장,36.618493,127.289212,세종특별자치시 조치원읍 신안리 334-4,7,17
980,풍림아이원플러스 주차장,37.388988,127.12253,경기 성남시 분당구 서현동255-1,5,15
981,한우물휴먼시아 602동 앞,37.124283,126.917679,경기 화성시 향남읍 행정리 465,9,25
982,"동아에코빌아파트 104동, 105동",37.608212,127.04498,서울 성북구 상월곡동 101,7,15
983,롯데슈퍼 고양삼송점,37.664721,126.890016,경기 고양시 덕양구 신원동 623 롯데슈퍼,5,20
984,MS프라자,37.644163,126.886652,경기 고양시 덕양구 동산동 352-3,7,26
985,성균관대역 환승주차장(정기권),37.300113,126.970021,경기 수원시 장안구 율전동 301-1,8,27
986,대룡드림타워2차 주차장,37.561788,126.808821,서울 강서구 공항동 45-19 대룡드림타워-II,6,21
987,웰츠타워오피스텔,37.465321,127.140078,경기 성남시 수정구 창곡동 562-1,7,30
988,선일주차타운,37.296508,126.994688,경기 수원시 장안구 정자동 875,8,25
989,유시티오피스텔,37.300009,127.042792,경기 수원시 영통구 이의동 1256-3,5,19
990,엠주차장,37.576431,127.056641,서울 동대문구 전농동 295-29,5,22
991,이마트 성남점,37.443966,127.141322,경기 성남시 수정구 태평동 7336,4,28
992,가온마을6단지센텀시티아파트 618동 주차장,36.497204,127.248125,세종특별자치시 다정동 78-1,10,16
993,학동포스트빌,37.514036,127.032552,서울 강남구 논현동 208-5 post ville,5,16
994,본관주차장,37.758496,127.077383,경기 의정부시 금오동 65-1 의정부성모병원,8,17
995,아이파크시티415동지하주차장,37.240446,127.027386,경기 수원시 권선구 권선동 1357 수원아이파크시티4단지,6,17
996,no_name,37.488909,127.039837,서울 강남구 도곡동 964 현대그린아파트,7,29
997,에메랄드빌딩,37.660242,126.768454,경기 고양시 일산동구 장항동 756 에메랄드빌딩,4,19
998,세류역 주차타워,37.244931,127.014044,경기 수원시 권선구 장지동 25-4,9,20
999,e편한세상시티미사,37.564747,127.190192,경기 하남시 망월동 1094 e편한세상시티미사 지하4층,10,28
1000,no_name,37.482018,127.593199,경기 양평군 용문면 다문리 747-4,9,15
1001,동행주차타워,36.51253,127.243181,세종특별자치시 아름동 1309,8,28
1002,한라비발디아파트 111동,37.403806,126.902068,경기 안양시 만안구 박달동 114 한라비발디아파트,6,18
1003,KT&G세종타워 주차장,36.50118,127.258697,세종특별자치시 어진동 539,4,29
1004,신유플라자,37.637548,126.643962,경기 김포시 마산동 648-1,9,19
1005,SB비즈타워 주차장,37.561664,127.194149,경기 하남시 망월동 1134-1,10,19
1006,우성르보아파크,37.566733,127.188983,경기 하남시 망월동 1079 지하 2층,9,18
1007,no_name,37.641795,126.787447,경기 고양시 일산동구 백석동 1309 우림오피스텔,7,18
1008,정자역엠코헤리츠 1단지 ,37.363048,127.106607,경기 성남시 분당구 정자동 165-1,4,28
1009,no_name,37.634764,126.872533,경기 고양시 덕양구 도내동 966,8,28
1010,다온빌라,37.59,127.022088,서울 성북구 동선동2가 351,8,29
1011,세이브존 주차장,37.634168,126.83165,경기 고양시 덕양구 화정동 970 세이브존,4,28
1012,위례 센트럴 푸르지오 5404동,37.470337,127.15211,경기 성남시 수정구 창곡동 519,4,24
1013,일산동문5차아파트 503동,37.68879,126.770057,경기 고양시 일산서구 일산동 600-32 일산5차동문아파트,7,15
1014,송산빌딩주차장,37.736639,127.087804,경기 의정부시 용현동 556-1,7,17
1015,인창동 유수지주차장,37.604244,127.145592,경기 구리시 인창동 239-3,5,17
1016,이마트 분당점 별관 주차장,37.357533,127.119772,경기 성남시 분당구 정자동 212,4,20
1017,이마트 평촌점 지상 4층주차장,37.394866,126.963632,경기 안양시 동안구 관양동 1608 이마트평촌점,5,22
1018,이마트 하남점,37.552895,127.205189,경기 하남시 덕풍동 736,8,17
1019,호텔뉴브,37.503138,127.049163,서울 강남구 역삼동 708-35 호텔 뉴브,9,29
1020,KBS수원아트홀 지하주차장,37.268089,127.031082,경기 수원시 팔달구 인계동 468 KBS수원방송센타,7,24
1021,광명한진상가 주차장,37.477802,126.853383,경기 광명시 광명동 200-6,9,23
1022,쏘카 전용주차장,35.173425,128.951773,부산 강서구 대저2동 3132-1,10,29
1023,관양1동 공영주차타워,37.406467,126.960935,경기 안양시 동안구 관양동 1407-12,4,23
1024,미래주차장,37.747085,127.035071,경기 의정부시 가능동 668-7,8,26
1025,연극인주택,37.58772,127.009522,서울 성북구 삼선동2가 77,4,30
1026,SI타워,37.501775,127.037966,서울 강남구 역삼동 679-4 서울인터내셔널타워,4,30
1027,역삼역 센트럴푸르지오시티,37.500748,127.040784,서울 강남구 역삼동 719-24 역삼역센트럴푸르지오,4,28
1028,GS파크 대치사거리점,37.502567,127.063229,서울 강남구 대치동 980-5,4,28
1029,마곡 747타워,37.559415,126.826256,서울 강서구 마곡동 798-3,9,17
1030,우덕빌딩,37.492659,127.030629,서울 강남구 역삼동 832-2 우덕빌딩,10,20
1031,연세프라자,37.115701,126.910595,경기 화성시 향남읍 하길리 1472-2,6,19
1032,(주) 동성 주차장,37.157591,126.848061,경기 화성시 팔탄면 노하리 621-17,10,17
1033,삼성주차장,37.528345,127.033122,서울 강남구 신사동 617-8,10,30
1034,다산유료주차장,37.60172,127.173517,경기 남양주시 다산동 6217,10,26
1035,무지개마을금강아파트,37.336716,127.117697,경기 성남시 분당구 구미동 213 1103동 뒤편 지상주차장,8,26
1036,수원SKSKYVIEW 123~125동 주차장,37.306125,126.98572,경기 수원시 장안구 정자동 945,7,15
1037,호텔지오 지상주차장,37.266238,127.029808,경기 수원시 팔달구 인계동 1033-5,10,25
1038,대림아크로텔,37.362505,127.107546,경기 성남시 분당구 정자동 168-1 대림아크로텔 대림아크로텔 오피스텔,5,28
1039,까치마을롯데선경아파트 407동 앞,37.347872,127.112624,경기 성남시 분당구 구미동 63,4,26
1040,COCOON DONGDUK_A 빌라 주차장,37.606821,127.04347,서울 성북구 상월곡동 86-84,5,28
1041,래미안강남힐즈 614동,37.474639,127.093929,서울 강남구 자곡동 611 래미안 강남힐즈,5,16
1042,성라공원 주차장,37.643777,126.839954,경기 고양시 덕양구 화정동 148-28,8,26
1043,미사공원 임시주차장,37.558319,127.188548,경기 하남시 풍산동 499 미사 무료주차장,4,21
1044,김포웅신타워,37.611399,126.732847,경기 김포시 풍무동 258-7 김포웅신타워,7,25
1045,퇴계원역(경춘선),37.647985,127.143755,경기 남양주시 퇴계원읍 퇴계원리 218-142 퇴계원역 코레일 주차장,8,29
1046,이마트 다산점,37.608554,127.157796,경기 남양주시 다산동 4001-29  이마트 다산점,4,29
1047,포레힐호텔 주차장,37.512066,127.023532,서울 강남구 논현동 54-4 포레힐호텔주차장 지하 5층,6,15
1048,마곡엠밸리2단지 ,37.569572,126.819868,서울 강서구 마곡동 735 마곡엠밸리2단지,10,27
1049,에코브릿지2 주차장,37.563268,127.189902,경기 하남시 망월동 1098-1 에코브릿지2 지하2층,5,22
1050,판교 경기기업성장센터,37.412329,127.094342,경기 성남시 수정구 시흥동 293  판교 경기기업성장센터 지하 2층,6,15
1051,e편한세상시티한강신도시오피스텔,37.644606,126.62321,경기 김포시 구래동 6882-1,9,18
1052,파인블루빌딩,37.555563,126.864729,서울 강서구 등촌동 632-6 파인블루빌딩,6,21
1053,석수역 sk주유소,37.433782,126.902878,경기 안양시 만안구 석수동 365-2 남서울주유소,4,17
1054,태영아파트 103동,37.695071,126.757322,경기 고양시 일산서구 덕이동 1521 태영아파트 103동 앞 지상주차장,7,29
1055,미사 신성주차타워,37.561704,127.191565,경기 하남시 망월동 1110 미사신성타워,5,23
1056,금부빌딩 주차장,37.561717,126.85336,서울 강서구 등촌동 73-1 금부빌딩,5,18
1057,햇빛마을 24단지 아파트 2405동 앞,37.620653,126.841498,경기 고양시 덕양구 행신동 958 햇빛마을24단지아파트 2405동 앞 지상주차장,7,27
1058,하남 퀸즈파크미사 2차,37.56256,127.195644,경기 하남시 망월동 1138  퀸즈파크미사 2차 지하 3층,4,29
1059,e편한세상 삼송 3차 304동,37.648912,126.89294,경기 고양시 덕양구 동산동 368 e편한세상 시티 삼송3차 304동 지하 1층,6,18
1060,중산동 주차타워,37.677556,126.78217,경기 고양시 일산동구 중산동 1836-3,7,15
1061,관양2동 공영주차장,37.398921,126.975081,경기 안양시 동안구 관양동 1497,10,27
1062,아이플렉스,37.288126,127.057423,경기 수원시 영통구 이의동 1335 아이플렉스 지상6층,10,18
1063,미사푸르지오시티 B동,37.564943,127.191298,경기 하남시 망월동 1096-1  미사푸르지오시티 B동,9,23
1064,세종시청 앞 공터주차장,36.477426,127.288036,세종특별자치시 보람동 700-72,7,27
1065,햇빛마을 18단지 아파트 1816동 뒤,37.62558,126.836906,경기 고양시 덕양구 행신동 938 햇빛마을18단지아파트,4,28
1066,세양 APEX TOWER,37.518459,127.026053,서울 강남구 논현동 6-21 세양 APEX TOWER,8,20
1067,승리주차장,37.476405,127.048209,서울 강남구 개포동 1222-2 승리주차장,8,23
1068,서현 파크프라자,37.382611,127.125988,경기 성남시 분당구 서현동 89 서현파크플라자 서현파크프라자,4,30
1069,광교스마트법조프라자,37.291084,127.065974,경기 수원시 영통구 하동 988-1,5,28
1070,김포중삼거리,37.622609,126.711231,경기 김포시 사우동 1140-3,5,25
1071,동탄역 공영주차장(주차비카드제공),37.197182,127.097149,경기 화성시 오산동 968-5 동탄역 공영주차장,9,18
1072,무지개마을청구아파트 501동 지하주차장,37.339252,127.118811,경기 성남시 분당구 구미동 221 무지개마을청구아파트,7,28
1073,성균관대역 환승주차장(주차비카드제공),37.300054,126.970675,경기 수원시 장안구 율전동 301-1 지상 4층,8,20
